MÊS;PRODUTO;NÚMERO DE POSTOS PESQUISADOS;UNIDADE DE MEDIDA;PREÇO MÉDIO REVENDA;DESVIO PADRÃO REVENDA;PREÇO MÍNIMO REVENDA;PREÇO MÁXIMO REVENDA;MARGEM MÉDIA REVENDA;COEF DE VARIAÇÃO REVENDA;PREÇO MÉDIO DISTRIBUIÇÃO;DESVIO PADRÃO DISTRIBUIÇÃO;PREÇO MÍNIMO DISTRIBUIÇÃO;PREÇO MÁXIMO DISTRIBUIÇÃO;COEF DE VARIAÇÃO DISTRIBUIÇÃO;;;
jan/13;ETANOL HIDRATADO;39584;R$/l;1,956;0,244;1,479;3,120;0,266;0,125;1,690;0,222;1,220;2,475;0,131;;;
jan/13;GASOLINA COMUM;41990;R$/l;2,763;0,148;2,229;3,899;0,386;0,054;2,377;0,109;2,080;2,895;0,046;;;
jan/13;GLP;39597;R$/13kg;40,164;3,964;26,000;62,000;10,310;0,099;29,854;4,462;15,000;45,000;0,149;;;
jan/13;GNV;2401;R$/m3;1,764;0,171;1,379;2,599;0,407;0,097;1,357;0,154;0,835;1,913;0,113;;;
jan/13;OLEO DIESEL;32749;R$/l;2,156;0,114;1,869;2,950;0,230;0,053;1,926;0,080;1,398;2,570;0,042;;;
jan/13;OLEO DIESEL S10;4741;R$/l;2,235;0,108;1,990;2,950;0,245;0,048;1,990;0,073;1,800;2,470;0,037;;;
fev/13;ETANOL HIDRATADO;32570;R$/l;2,000;0,239;1,480;3,150;0,267;0,120;1,733;0,217;1,300;2,601;0,125;;;
fev/13;GASOLINA COMUM;34664;R$/l;2,887;0,146;2,390;3,899;0,424;0,051;2,463;0,106;2,095;2,965;0,043;;;
fev/13;GLP;32171;R$/13kg;40,414;3,976;26,000;62,000;10,528;0,098;29,886;4,503;14,663;45,000;0,151;;;
fev/13;GNV;2035;R$/m3;1,770;0,165;1,399;2,599;0,432;0,093;1,338;0,149;0,837;1,896;0,111;;;
fev/13;OLEO DIESEL;26614;R$/l;2,252;0,114;1,949;2,980;0,263;0,051;1,989;0,086;1,475;2,570;0,043;;;
fev/13;OLEO DIESEL S10;6671;R$/l;2,330;0,116;2,059;3,050;0,267;0,050;2,063;0,086;1,796;2,554;0,042;;;
mar/13;ETANOL HIDRATADO;32591;R$/l;2,058;0,230;1,580;3,150;0,254;0,112;1,804;0,210;1,298;2,659;0,116;;;
mar/13;GASOLINA COMUM;34663;R$/l;2,886;0,148;2,440;3,939;0,401;0,051;2,485;0,104;2,125;2,944;0,042;;;
mar/13;GLP;32061;R$/13kg;40,513;4,031;26,000;62,000;10,528;0,099;29,985;4,622;14,660;45,000;0,154;;;
mar/13;GNV;2043;R$/m3;1,776;0,165;1,399;2,599;0,424;0,093;1,352;0,152;0,952;2,222;0,112;;;
mar/13;OLEO DIESEL;26438;R$/l;2,301;0,118;1,949;2,990;0,264;0,051;2,037;0,087;1,680;2,602;0,043;;;
mar/13;OLEO DIESEL S10;7374;R$/l;2,388;0,125;2,029;3,050;0,268;0,052;2,120;0,090;1,889;2,570;0,042;;;
abr/13;ETANOL HIDRATADO;36797;R$/l;2,064;0,238;1,580;3,160;0,262;0,115;1,802;0,220;1,300;2,660;0,122;;;
abr/13;GASOLINA COMUM;39290;R$/l;2,876;0,152;2,390;3,939;0,397;0,053;2,479;0,103;2,078;2,950;0,042;;;
abr/13;GLP;35620;R$/13kg;40,743;4,123;27,000;62,000;10,821;0,101;29,922;4,567;14,660;45,000;0,153;;;
abr/13;GNV;2435;R$/m3;1,784;0,167;1,399;2,599;0,411;0,094;1,373;0,165;0,952;2,222;0,120;;;
abr/13;OLEO DIESEL;29656;R$/l;2,332;0,114;1,899;3,020;0,272;0,049;2,060;0,084;1,638;2,690;0,041;;;
abr/13;OLEO DIESEL S10;9488;R$/l;2,426;0,123;2,150;3,100;0,268;0,051;2,158;0,090;1,710;2,638;0,042;;;
mai/13;ETANOL HIDRATADO;36036;R$/l;2,029;0,261;1,389;3,160;0,301;0,129;1,728;0,265;1,235;2,660;0,153;;;
mai/13;GASOLINA COMUM;38624;R$/l;2,862;0,160;2,329;3,929;0,396;0,056;2,466;0,111;2,100;2,980;0,045;;;
mai/13;GLP;36658;R$/13kg;40,899;4,173;27,000;62,000;10,937;0,102;29,962;4,706;15,870;45,000;0,157;;;
mai/13;GNV;2215;R$/m3;1,777;0,159;1,379;2,599;0,415;0,089;1,362;0,157;0,952;1,872;0,115;;;
mai/13;OLEO DIESEL;28753;R$/l;2,333;0,114;1,969;3,060;0,274;0,049;2,059;0,082;1,650;2,607;0,040;;;
mai/13;OLEO DIESEL S10;10113;R$/l;2,430;0,122;2,049;3,100;0,271;0,050;2,159;0,088;1,874;2,653;0,041;;;
jun/13;ETANOL HIDRATADO;32257;R$/l;1,943;0,297;1,290;3,160;0,329;0,153;1,614;0,285;1,159;2,501;0,177;;;
jun/13;GASOLINA COMUM;34590;R$/l;2,848;0,168;2,309;3,699;0,400;0,059;2,448;0,113;2,120;2,971;0,046;;;
jun/13;GLP;32093;R$/13kg;40,908;4,189;27,000;62,000;10,887;0,102;30,021;4,644;15,870;45,000;0,155;;;
jun/13;GNV;2071;R$/m3;1,786;0,164;1,350;2,799;0,423;0,092;1,363;0,162;0,952;2,221;0,119;;;
jun/13;OLEO DIESEL;25620;R$/l;2,333;0,115;1,949;3,060;0,277;0,049;2,056;0,081;1,750;2,607;0,039;;;
jun/13;OLEO DIESEL S10;9446;R$/l;2,432;0,121;2,140;3,100;0,268;0,050;2,164;0,080;1,925;2,678;0,037;;;
jul/13;ETANOL HIDRATADO;39298;R$/l;1,918;0,301;1,290;3,120;0,303;0,157;1,615;0,267;1,159;2,501;0,165;;;
jul/13;GASOLINA COMUM;42206;R$/l;2,839;0,170;2,255;3,699;0,397;0,060;2,442;0,115;2,082;2,950;0,047;;;
jul/13;GLP;38175;R$/13kg;40,899;4,237;27,000;62,000;10,699;0,104;30,200;4,645;14,660;45,000;0,154;;;
jul/13;GNV;2512;R$/m3;1,792;0,163;1,379;2,799;0,412;0,091;1,380;0,165;0,938;1,949;0,120;;;
jul/13;OLEO DIESEL;31274;R$/l;2,333;0,115;1,969;3,060;0,278;0,049;2,055;0,082;1,700;2,650;0,040;;;
jul/13;OLEO DIESEL S10;12136;R$/l;2,431;0,120;2,029;3,100;0,270;0,049;2,161;0,081;1,889;2,734;0,037;;;
ago/13;ETANOL HIDRATADO;33169;R$/l;1,902;0,303;1,259;3,120;0,325;0,159;1,577;0,275;1,154;2,396;0,174;;;
ago/13;GASOLINA COMUM;35609;R$/l;2,835;0,169;2,349;3,699;0,401;0,060;2,434;0,117;2,082;2,950;0,048;;;
ago/13;GLP;33888;R$/13kg;40,975;4,248;27,000;62,000;10,958;0,104;30,017;4,853;14,660;45,000;0,162;;;
ago/13;GNV;2135;R$/m3;1,785;0,170;1,399;2,799;0,403;0,095;1,382;0,164;0,930;1,949;0,119;;;
ago/13;OLEO DIESEL;26091;R$/l;2,331;0,115;1,989;3,060;0,281;0,049;2,050;0,083;1,752;2,656;0,040;;;
ago/13;OLEO DIESEL S10;10755;R$/l;2,430;0,120;2,179;3,150;0,271;0,049;2,159;0,082;1,911;2,678;0,038;;;
set/13;ETANOL HIDRATADO;34648;R$/l;1,895;0,302;1,279;3,020;0,310;0,159;1,585;0,258;1,184;2,515;0,163;;;
set/13;GASOLINA COMUM;37335;R$/l;2,834;0,168;2,370;3,699;0,400;0,059;2,434;0,116;2,025;2,942;0,048;;;
set/13;GLP;33009;R$/13kg;41,532;4,391;26,000;62,000;11,579;0,106;29,953;5,039;14,660;45,000;0,168;;;
set/13;GNV;2236;R$/m3;1,787;0,177;1,399;2,699;0,413;0,099;1,374;0,184;1,000;2,265;0,134;;;
set/13;OLEO DIESEL;27230;R$/l;2,331;0,116;1,989;3,060;0,280;0,050;2,051;0,083;1,720;2,656;0,040;;;
set/13;OLEO DIESEL S10;12131;R$/l;2,430;0,119;2,176;3,150;0,271;0,049;2,159;0,082;1,923;2,674;0,038;;;
out/13;ETANOL HIDRATADO;37563;R$/l;1,914;0,289;1,396;2,999;0,289;0,151;1,625;0,239;1,219;2,456;0,147;;;
out/13;GASOLINA COMUM;40480;R$/l;2,834;0,169;2,350;3,699;0,392;0,060;2,442;0,115;2,025;2,972;0,047;;;
out/13;GLP;38944;R$/13kg;42,112;4,323;26,000;62,000;11,894;0,103;30,218;5,192;14,660;45,000;0,172;;;
out/13;GNV;2461;R$/m3;1,790;0,180;1,389;2,699;0,413;0,101;1,377;0,188;1,011;2,265;0,137;;;
out/13;OLEO DIESEL;29298;R$/l;2,332;0,117;1,949;3,060;0,283;0,050;2,049;0,084;1,480;2,656;0,041;;;
out/13;OLEO DIESEL S10;13591;R$/l;2,428;0,120;1,938;3,150;0,272;0,049;2,156;0,085;1,966;2,674;0,039;;;
nov/13;ETANOL HIDRATADO;32090;R$/l;1,932;0,282;1,379;2,999;0,292;0,146;1,640;0,232;1,230;2,416;0,141;;;
nov/13;GASOLINA COMUM;34574;R$/l;2,841;0,166;2,330;3,990;0,395;0,058;2,446;0,115;2,025;2,961;0,047;;;
nov/13;GLP;31958;R$/13kg;42,337;4,390;28,000;62,000;11,988;0,104;30,349;5,233;15,930;45,000;0,172;;;
nov/13;GNV;2072;R$/m3;1,792;0,181;1,389;2,699;0,414;0,101;1,378;0,188;1,011;2,265;0,136;;;
nov/13;OLEO DIESEL;24764;R$/l;2,332;0,117;1,989;3,060;0,282;0,050;2,050;0,083;1,720;2,656;0,040;;;
nov/13;OLEO DIESEL S10;11969;R$/l;2,428;0,121;2,026;3,100;0,272;0,050;2,156;0,083;1,908;2,675;0,038;;;
dez/13;ETANOL HIDRATADO;36734;R$/l;2,022;0,252;1,579;3,028;0,294;0,125;1,728;0,216;1,297;2,437;0,125;;;
dez/13;GASOLINA COMUM;39688;R$/l;2,946;0,155;2,419;4,079;0,426;0,053;2,520;0,114;2,131;3,037;0,045;;;
dez/13;GLP;35736;R$/13kg;42,444;4,338;27,000;62,000;11,952;0,102;30,492;5,073;14,663;45,190;0,166;;;
dez/13;GNV;2301;R$/m3;1,812;0,207;1,349;2,890;0,434;0,114;1,378;0,189;1,011;2,265;0,137;;;
dez/13;OLEO DIESEL;28394;R$/l;2,466;0,126;2,036;3,270;0,322;0,051;2,144;0,100;1,720;2,779;0,047;;;
dez/13;OLEO DIESEL S10;14626;R$/l;2,570;0,131;2,159;3,390;0,310;0,051;2,260;0,103;1,924;2,808;0,046;;;
jan/14;ETANOL HIDRATADO;35088;R$/l;2,047;0,249;1,555;3,020;0,277;0,122;1,770;0,215;1,298;2,481;0,121;;;
jan/14;GASOLINA COMUM;38021;R$/l;2,956;0,156;2,528;4,099;0,405;0,053;2,551;0,109;2,200;3,062;0,043;;;
jan/14;GLP;36128;R$/13kg;42,484;4,378;27,000;65,000;11,945;0,103;30,539;5,321;14,663;53,000;0,174;;;
jan/14;GNV;2345;R$/m3;1,825;0,204;1,339;2,899;0,424;0,112;1,401;0,182;1,031;1,995;0,130;;;
jan/14;OLEO DIESEL;26880;R$/l;2,485;0,126;2,099;3,310;0,295;0,051;2,190;0,090;1,881;2,850;0,041;;;
jan/14;OLEO DIESEL S10;14469;R$/l;2,590;0,128;2,245;3,390;0,286;0,049;2,304;0,085;1,989;2,900;0,037;;;
fev/14;ETANOL HIDRATADO;31777;R$/l;2,074;0,242;1,599;3,150;0,270;0,117;1,804;0,215;1,450;2,553;0,119;;;
fev/14;GASOLINA COMUM;34536;R$/l;2,955;0,158;2,499;4,159;0,395;0,053;2,560;0,113;2,224;3,306;0,044;;;
fev/14;GLP;31905;R$/13kg;42,613;4,420;28,000;65,000;12,031;0,104;30,582;5,227;14,324;53,000;0,171;;;
fev/14;GNV;2108;R$/m3;1,830;0,203;1,399;2,899;0,422;0,111;1,408;0,178;1,031;2,042;0,126;;;
fev/14;OLEO DIESEL;24397;R$/l;2,491;0,126;2,149;3,310;0,294;0,051;2,197;0,089;1,904;2,962;0,041;;;
fev/14;OLEO DIESEL S10;13688;R$/l;2,596;0,127;2,250;3,390;0,280;0,049;2,316;0,087;1,934;3,071;0,038;;;
mar/14;ETANOL HIDRATADO;33549;R$/l;2,168;0,222;1,769;3,150;0,270;0,102;1,898;0,202;1,512;2,678;0,106;;;
mar/14;GASOLINA COMUM;36567;R$/l;2,980;0,150;2,499;4,159;0,395;0,050;2,585;0,108;2,212;3,105;0,042;;;
mar/14;GLP;33383;R$/13kg;42,631;4,440;28,000;70,000;12,152;0,104;30,479;5,149;14,663;53,000;0,169;;;
mar/14;GNV;2238;R$/m3;1,841;0,209;1,399;2,899;0,407;0,114;1,434;0,195;1,039;2,315;0,136;;;
mar/14;OLEO DIESEL;25621;R$/l;2,497;0,126;2,145;3,310;0,298;0,050;2,199;0,091;1,950;2,881;0,041;;;
mar/14;OLEO DIESEL S10;15498;R$/l;2,601;0,125;2,253;3,390;0,291;0,048;2,310;0,085;2,116;2,929;0,037;;;
abr/14;ETANOL HIDRATADO;37283;R$/l;2,177;0,240;1,499;3,170;0,294;0,110;1,883;0,230;1,356;2,741;0,122;;;
abr/14;GASOLINA COMUM;40925;R$/l;2,988;0,152;2,490;4,159;0,394;0,051;2,594;0,106;2,213;3,200;0,041;;;
abr/14;GLP;38192;R$/13kg;42,672;4,464;29,000;65,000;12,221;0,105;30,451;5,466;14,200;53,000;0,180;;;
abr/14;GNV;2550;R$/m3;1,859;0,213;1,399;2,899;0,427;0,115;1,432;0,189;1,039;1,995;0,132;;;
abr/14;OLEO DIESEL;28234;R$/l;2,502;0,129;2,120;3,310;0,303;0,052;2,199;0,094;1,806;2,881;0,043;;;
abr/14;OLEO DIESEL S10;18171;R$/l;2,608;0,126;2,299;3,390;0,296;0,048;2,312;0,088;2,068;2,929;0,038;;;
mai/14;ETANOL HIDRATADO;31337;R$/l;2,134;0,267;1,510;3,170;0,333;0,125;1,801;0,273;1,300;2,741;0,152;;;
mai/14;GASOLINA COMUM;34438;R$/l;2,978;0,157;2,100;4,159;0,389;0,053;2,589;0,109;2,270;3,163;0,042;;;
mai/14;GLP;31804;R$/13kg;42,664;4,612;29,900;65,000;12,319;0,108;30,345;5,673;16,240;55,000;0,187;;;
mai/14;GNV;2092;R$/m3;1,871;0,213;1,399;2,699;0,451;0,114;1,420;0,179;1,090;2,042;0,126;;;
mai/14;OLEO DIESEL;23865;R$/l;2,500;0,129;2,150;3,310;0,301;0,052;2,199;0,095;1,896;2,881;0,043;;;
mai/14;OLEO DIESEL S10;15424;R$/l;2,609;0,128;2,279;3,390;0,297;0,049;2,312;0,092;2,023;2,957;0,040;;;
jun/14;ETANOL HIDRATADO;33237;R$/l;2,071;0,294;1,549;3,170;0,341;0,142;1,730;0,276;1,342;2,741;0,160;;;
jun/14;GASOLINA COMUM;36480;R$/l;2,966;0,163;2,499;4,159;0,393;0,055;2,573;0,110;2,250;3,163;0,043;;;
jun/14;GLP;32784;R$/13kg;42,692;4,650;29,900;65,000;12,273;0,109;30,419;5,738;14,663;55,000;0,189;;;
jun/14;GNV;2222;R$/m3;1,888;0,209;1,399;2,699;0,448;0,111;1,440;0,184;1,092;2,042;0,128;;;
jun/14;OLEO DIESEL;25010;R$/l;2,500;0,128;2,149;3,310;0,304;0,051;2,196;0,094;1,880;2,881;0,043;;;
jun/14;OLEO DIESEL S10;16913;R$/l;2,609;0,127;2,299;3,400;0,295;0,049;2,314;0,090;1,950;2,975;0,039;;;
jul/14;ETANOL HIDRATADO;37356;R$/l;2,042;0,299;1,559;3,200;0,319;0,146;1,723;0,260;1,359;2,629;0,151;;;
jul/14;GASOLINA COMUM;40985;R$/l;2,957;0,171;2,488;4,169;0,393;0,058;2,564;0,113;2,230;3,167;0,044;;;
jul/14;GLP;38671;R$/13kg;42,657;4,712;28,000;65,000;12,324;0,110;30,333;5,874;14,660;55,000;0,194;;;
jul/14;GNV;2546;R$/m3;1,892;0,191;1,399;2,799;0,455;0,101;1,437;0,188;1,073;2,042;0,131;;;
jul/14;OLEO DIESEL;27942;R$/l;2,499;0,130;2,150;3,310;0,303;0,052;2,196;0,094;1,880;2,769;0,043;;;
jul/14;OLEO DIESEL S10;19379;R$/l;2,610;0,128;2,299;3,400;0,292;0,049;2,318;0,090;1,950;2,883;0,039;;;
ago/14;ETANOL HIDRATADO;31294;R$/l;2,034;0,302;1,559;3,200;0,318;0,148;1,716;0,263;1,360;2,663;0,153;;;
ago/14;GASOLINA COMUM;34448;R$/l;2,960;0,169;2,488;4,169;0,399;0,057;2,561;0,113;2,240;3,153;0,044;;;
ago/14;GLP;31735;R$/13kg;42,638;4,683;28,000;65,000;12,178;0,110;30,460;5,809;14,660;55,000;0,191;;;
ago/14;GNV;2134;R$/m3;1,916;0,182;1,399;2,799;0,468;0,095;1,448;0,182;1,085;2,048;0,126;;;
ago/14;OLEO DIESEL;23265;R$/l;2,501;0,130;2,150;3,310;0,296;0,052;2,205;0,095;1,991;2,769;0,043;;;
ago/14;OLEO DIESEL S10;16759;R$/l;2,633;0,128;2,216;3,400;0,295;0,049;2,338;0,090;2,103;2,883;0,038;;;
set/14;ETANOL HIDRATADO;35737;R$/l;2,005;0,305;1,499;3,200;0,309;0,152;1,696;0,267;1,340;2,502;0,157;;;
set/14;GASOLINA COMUM;39519;R$/l;2,963;0,165;2,499;4,169;0,404;0,056;2,559;0,116;2,220;3,136;0,045;;;
set/14;GLP;35430;R$/13kg;43,700;5,025;28,000;69,000;12,932;0,115;30,768;5,919;14,660;55,000;0,192;;;
set/14;GNV;2412;R$/m3;1,900;0,179;1,399;2,799;0,457;0,094;1,443;0,162;1,085;2,145;0,112;;;
set/14;OLEO DIESEL;26629;R$/l;2,501;0,130;2,190;3,310;0,295;0,052;2,206;0,097;1,910;2,891;0,044;;;
set/14;OLEO DIESEL S10;19813;R$/l;2,640;0,126;2,199;3,400;0,296;0,048;2,344;0,090;2,073;2,981;0,038;;;
out/14;ETANOL HIDRATADO;34305;R$/l;1,999;0,308;1,470;3,170;0,330;0,154;1,669;0,280;1,275;2,673;0,168;;;
out/14;GASOLINA COMUM;37883;R$/l;2,960;0,166;2,450;4,159;0,403;0,056;2,557;0,115;2,220;3,298;0,045;;;
out/14;GLP;35862;R$/13kg;44,432;5,049;29,000;69,000;13,278;0,114;31,154;5,902;14,660;55,000;0,189;;;
out/14;GNV;2370;R$/m3;1,903;0,175;1,379;2,799;0,461;0,092;1,442;0,164;1,118;2,048;0,114;;;
out/14;OLEO DIESEL;25424;R$/l;2,500;0,131;2,190;3,310;0,293;0,052;2,207;0,100;1,939;2,891;0,045;;;
out/14;OLEO DIESEL S10;19247;R$/l;2,640;0,127;2,329;3,400;0,298;0,048;2,342;0,093;2,032;2,981;0,040;;;
nov/14;ETANOL HIDRATADO;31032;R$/l;2,016;0,303;1,470;3,430;0,349;0,150;1,667;0,273;1,315;2,673;0,164;;;
nov/14;GASOLINA COMUM;34316;R$/l;3,009;0,170;2,450;4,369;0,430;0,056;2,579;0,117;2,240;3,171;0,045;;;
nov/14;GLP;31595;R$/13kg;44,596;5,098;30,000;69,000;13,194;0,114;31,402;5,968;14,660;55,000;0,190;;;
nov/14;GNV;2102;R$/m3;1,907;0,183;1,379;2,889;0,467;0,096;1,440;0,170;1,113;2,048;0,118;;;
nov/14;OLEO DIESEL;22960;R$/l;2,564;0,142;2,199;3,440;0,312;0,055;2,252;0,110;1,982;2,976;0,049;;;
nov/14;OLEO DIESEL S10;17971;R$/l;2,713;0,140;2,349;3,560;0,323;0,052;2,390;0,106;2,046;2,900;0,044;;;
dez/14;ETANOL HIDRATADO;38670;R$/l;2,041;0,292;1,599;3,328;0,316;0,143;1,725;0,246;1,350;2,786;0,143;;;
dez/14;GASOLINA COMUM;42745;R$/l;3,031;0,171;2,499;4,299;0,424;0,056;2,607;0,121;2,223;3,218;0,046;;;
dez/14;GLP;39145;R$/13kg;44,701;5,044;29,990;69,000;13,262;0,113;31,439;5,919;14,660;51,500;0,188;;;
dez/14;GNV;2642;R$/m3;1,913;0,181;1,379;2,889;0,455;0,095;1,458;0,170;1,113;2,048;0,117;;;
dez/14;OLEO DIESEL;28340;R$/l;2,606;0,135;2,199;3,460;0,302;0,052;2,304;0,103;2,016;2,913;0,045;;;
dez/14;OLEO DIESEL S10;22849;R$/l;2,756;0,134;2,370;3,590;0,317;0,049;2,439;0,103;2,049;3,118;0,042;;;
jan/15;ETANOL HIDRATADO;31032;R$/l;2,061;0,286;1,599;3,320;0,295;0,139;1,766;0,238;1,395;2,786;0,135;;;
jan/15;GASOLINA COMUM;34414;R$/l;3,032;0,171;2,499;4,299;0,408;0,056;2,624;0,119;2,210;3,218;0,045;;;
jan/15;GLP;31967;R$/13kg;44,673;5,094;30,000;69,000;13,254;0,114;31,419;5,920;14,660;51,500;0,188;;;
jan/15;GNV;2099;R$/m3;1,926;0,182;1,379;2,889;0,486;0,094;1,440;0,179;1,096;2,048;0,124;;;
jan/15;OLEO DIESEL;22914;R$/l;2,611;0,137;2,130;3,460;0,294;0,052;2,317;0,103;1,941;3,034;0,044;;;
jan/15;OLEO DIESEL S10;18498;R$/l;2,763;0,134;2,099;3,590;0,305;0,048;2,458;0,101;2,124;3,118;0,041;;;
fev/15;ETANOL HIDRATADO;30770;R$/l;2,224;0,267;1,630;3,610;0,354;0,120;1,870;0,230;1,338;2,757;0,123;;;
fev/15;GASOLINA COMUM;34078;R$/l;3,301;0,187;2,350;4,520;0,508;0,057;2,793;0,159;2,237;3,437;0,057;;;
fev/15;GLP;31577;R$/13kg;44,892;5,200;30,000;69,000;13,331;0,116;31,561;6,029;14,660;51,500;0,191;;;
fev/15;GNV;2156;R$/m3;1,944;0,175;1,379;2,889;0,494;0,090;1,450;0,176;1,096;2,048;0,121;;;
fev/15;OLEO DIESEL;22554;R$/l;2,788;0,154;2,199;3,740;0,374;0,055;2,414;0,125;2,040;3,092;0,052;;;
fev/15;OLEO DIESEL S10;18824;R$/l;2,937;0,148;2,099;3,750;0,381;0,050;2,556;0,124;2,120;3,285;0,049;;;
mar/15;ETANOL HIDRATADO;35541;R$/l;2,226;0,276;1,650;3,610;0,381;0,124;1,845;0,251;1,381;2,757;0,136;;;
mar/15;GASOLINA COMUM;39073;R$/l;3,323;0,186;2,749;4,529;0,448;0,056;2,875;0,127;2,243;3,451;0,044;;;
mar/15;GLP;34101;R$/13kg;45,228;5,505;28,000;69,000;13,436;0,122;31,792;6,282;14,000;57,000;0,198;;;
mar/15;GNV;2490;R$/m3;1,955;0,179;1,399;2,889;0,499;0,092;1,456;0,158;1,156;2,158;0,109;;;
mar/15;OLEO DIESEL;25823;R$/l;2,810;0,147;2,299;3,700;0,334;0,052;2,476;0,112;2,041;3,213;0,045;;;
mar/15;OLEO DIESEL S10;22144;R$/l;2,958;0,142;2,499;3,750;0,343;0,048;2,615;0,111;2,122;3,382;0,042;;;
abr/15;ETANOL HIDRATADO;33790;R$/l;2,179;0,296;1,649;3,610;0,391;0,136;1,788;0,258;1,369;2,706;0,144;;;
abr/15;GASOLINA COMUM;37269;R$/l;3,308;0,200;2,749;4,529;0,435;0,060;2,873;0,132;2,271;3,383;0,046;;;
abr/15;GLP;31695;R$/13kg;45,765;5,512;28,000;70,000;14,083;0,120;31,682;6,004;14,660;52,000;0,190;;;
abr/15;GNV;2283;R$/m3;1,986;0,190;1,459;2,889;0,516;0,096;1,470;0,195;1,121;2,258;0,133;;;
abr/15;OLEO DIESEL;24373;R$/l;2,809;0,147;2,349;3,700;0,332;0,052;2,477;0,109;2,127;3,056;0,044;;;
abr/15;OLEO DIESEL S10;21138;R$/l;2,957;0,141;2,359;3,750;0,343;0,048;2,614;0,105;2,175;3,211;0,040;;;
mai/15;ETANOL HIDRATADO;30876;R$/l;2,141;0,309;1,579;3,610;0,370;0,144;1,771;0,269;1,363;2,706;0,152;;;
mai/15;GASOLINA COMUM;33871;R$/l;3,299;0,205;2,749;4,519;0,432;0,062;2,867;0,134;2,441;3,389;0,047;;;
mai/15;GLP;29306;R$/13kg;45,950;5,552;29,990;70,000;14,001;0,121;31,949;5,770;14,660;54,000;0,181;;;
mai/15;GNV;2081;R$/m3;2,005;0,201;1,479;3,090;0,524;0,100;1,481;0,178;1,162;2,233;0,120;;;
mai/15;OLEO DIESEL;22157;R$/l;2,808;0,147;2,419;3,700;0,326;0,052;2,482;0,110;2,111;3,066;0,044;;;
mai/15;OLEO DIESEL S10;19551;R$/l;2,956;0,140;2,569;3,750;0,339;0,047;2,617;0,108;2,300;3,040;0,041;;;
jun/15;ETANOL HIDRATADO;36073;R$/l;2,112;0,320;1,579;3,610;0,371;0,152;1,741;0,281;1,336;2,691;0,161;;;
jun/15;GASOLINA COMUM;39539;R$/l;3,301;0,203;2,719;4,519;0,437;0,061;2,864;0,137;2,450;3,470;0,048;;;
jun/15;GLP;33997;R$/13kg;45,920;5,605;29,990;70,000;14,024;0,122;31,896;5,654;14,660;55,000;0,177;;;
jun/15;GNV;2353;R$/m3;2,023;0,200;1,399;2,999;0,560;0,099;1,463;0,192;1,157;2,315;0,131;;;
jun/15;OLEO DIESEL;25964;R$/l;2,807;0,147;2,450;3,700;0,322;0,052;2,485;0,114;2,113;3,126;0,046;;;
jun/15;OLEO DIESEL S10;23032;R$/l;2,957;0,139;2,569;3,750;0,336;0,047;2,621;0,107;2,143;3,241;0,041;;;
jul/15;ETANOL HIDRATADO;33344;R$/l;2,081;0,334;1,479;3,610;0,359;0,160;1,722;0,285;1,338;2,674;0,166;;;
jul/15;GASOLINA COMUM;36463;R$/l;3,296;0,208;2,719;4,519;0,432;0,063;2,864;0,136;2,390;3,392;0,047;;;
jul/15;GLP;31903;R$/13kg;45,959;5,494;29,990;70,000;14,074;0,120;31,885;5,768;13,984;55,000;0,181;;;
jul/15;GNV;2352;R$/m3;2,057;0,190;1,479;2,987;0,554;0,092;1,503;0,187;1,165;2,314;0,124;;;
jul/15;OLEO DIESEL;23492;R$/l;2,805;0,145;2,440;3,700;0,308;0,052;2,497;0,108;2,104;3,126;0,043;;;
jul/15;OLEO DIESEL S10;21511;R$/l;2,954;0,138;2,469;3,750;0,325;0,047;2,629;0,103;2,260;3,244;0,039;;;
ago/15;ETANOL HIDRATADO;19054;R$/l;2,061;0,345;1,467;3,610;0,362;0,167;1,699;0,295;1,171;2,699;0,174;;;
ago/15;GASOLINA COMUM;20698;R$/l;3,295;0,210;2,749;4,519;0,432;0,064;2,863;0,141;2,374;3,403;0,049;;;
ago/15;GLP;18870;R$/13kg;46,015;5,579;29,990;70,000;14,043;0,121;31,972;5,717;13,984;53,210;0,179;;;
ago/15;GNV;1292;R$/m3;2,099;0,187;1,579;3,090;0,539;0,089;1,560;0,206;1,177;2,347;0,132;;;
ago/15;OLEO DIESEL;13157;R$/l;2,805;0,146;2,450;3,700;0,294;0,052;2,511;0,112;2,136;3,131;0,045;;;
ago/15;OLEO DIESEL S10;12510;R$/l;2,954;0,137;2,499;3,750;0,323;0,046;2,631;0,104;2,112;3,269;0,040;;;
set/15;ETANOL HIDRATADO;12475;R$/l;2,074;0,336;1,390;3,610;0,339;0,162;1,735;0,274;1,220;2,699;0,158;;;
set/15;GASOLINA COMUM;13475;R$/l;3,277;0,201;2,749;4,160;0,415;0,061;2,862;0,140;2,471;3,395;0,049;;;
set/15;GLP;14789;R$/13kg;52,918;7,049;35,000;80,000;17,700;0,133;35,218;7,476;19,000;58,900;0,212;;;
set/15;GNV;1009;R$/m3;2,146;0,191;1,599;2,919;0,560;0,089;1,586;0,173;1,271;2,067;0,109;;;
set/15;OLEO DIESEL;7915;R$/l;2,809;0,153;2,480;3,640;0,279;0,054;2,530;0,116;2,104;3,110;0,046;;;
set/15;OLEO DIESEL S10;8247;R$/l;2,957;0,143;2,599;3,700;0,318;0,048;2,639;0,108;2,256;3,245;0,041;;;
out/15;ETANOL HIDRATADO;13086;R$/l;2,365;0,272;1,670;3,790;0,369;0,115;1,996;0,245;1,445;2,862;0,123;;;
out/15;GASOLINA COMUM;14226;R$/l;3,480;0,202;2,899;4,550;0,466;0,058;3,014;0,156;2,459;3,614;0,052;;;
out/15;GLP;15112;R$/13kg;53,867;6,980;36,000;80,000;17,286;0,130;36,581;7,083;16,790;60,000;0,194;;;
out/15;GNV;1012;R$/m3;2,183;0,186;1,769;2,799;0,580;0,085;1,603;0,166;1,283;2,160;0,104;;;
out/15;OLEO DIESEL;8633;R$/l;2,925;0,162;2,510;3,990;0,322;0,055;2,603;0,123;2,290;3,180;0,047;;;
out/15;OLEO DIESEL S10;8994;R$/l;3,074;0,156;2,649;4,020;0,366;0,051;2,708;0,116;2,314;3,366;0,043;;;
nov/15;ETANOL HIDRATADO;16338;R$/l;2,578;0,271;1,890;3,800;0,363;0,105;2,215;0,242;1,577;3,252;0,109;;;
nov/15;GASOLINA COMUM;17843;R$/l;3,576;0,199;2,959;4,800;0,462;0,056;3,114;0,149;2,590;3,702;0,048;;;
nov/15;GLP;18420;R$/13kg;54,205;6,747;35,000;82,000;16,859;0,124;37,346;6,730;20,170;60,000;0,180;;;
nov/15;GNV;1178;R$/m3;2,208;0,200;1,769;2,849;0,592;0,091;1,616;0,198;1,293;2,331;0,123;;;
nov/15;OLEO DIESEL;11193;R$/l;2,965;0,161;2,499;3,980;0,317;0,054;2,648;0,124;2,160;3,258;0,047;;;
nov/15;OLEO DIESEL S10;11473;R$/l;3,112;0,156;2,590;4,020;0,361;0,050;2,751;0,118;2,390;3,418;0,043;;;
dez/15;ETANOL HIDRATADO;22409;R$/l;2,659;0,275;2,130;3,850;0,363;0,103;2,296;0,261;1,752;3,254;0,114;;;
dez/15;GASOLINA COMUM;24507;R$/l;3,633;0,191;3,079;4,719;0,459;0,053;3,174;0,135;2,663;3,734;0,043;;;
dez/15;GLP;24552;R$/13kg;54,071;6,831;35,000;83,000;16,557;0,126;37,514;6,759;16,790;60,000;0,180;;;
dez/15;GNV;1474;R$/m3;2,225;0,215;1,599;3,090;0,605;0,097;1,620;0,203;1,324;2,332;0,125;;;
dez/15;OLEO DIESEL;15743;R$/l;2,985;0,157;2,489;3,950;0,323;0,053;2,662;0,115;2,290;3,260;0,043;;;
dez/15;OLEO DIESEL S10;15871;R$/l;3,128;0,155;2,649;4,020;0,352;0,050;2,776;0,109;2,198;3,440;0,039;;;
jan/16;ETANOL HIDRATADO;20842;R$/l;2,718;0,304;2,179;3,955;0,349;0,112;2,369;0,265;1,917;3,462;0,112;;;
jan/16;GASOLINA COMUM;22761;R$/l;3,676;0,204;3,149;4,799;0,450;0,055;3,226;0,141;2,860;3,727;0,044;;;
jan/16;GLP;22052;R$/13kg;53,947;6,915;35,000;83,000;16,374;0,128;37,573;6,672;21,090;60,000;0,178;;;
jan/16;GNV;1262;R$/m3;2,244;0,220;1,695;3,299;0,607;0,098;1,637;0,206;1,282;2,331;0,126;;;
jan/16;OLEO DIESEL;14961;R$/l;3,003;0,160;2,460;3,950;0,320;0,053;2,683;0,117;2,179;3,260;0,044;;;
jan/16;OLEO DIESEL S10;14858;R$/l;3,148;0,158;2,649;4,020;0,348;0,050;2,800;0,115;2,330;3,440;0,041;;;
fev/16;ETANOL HIDRATADO;22689;R$/l;2,808;0,311;2,199;4,296;0,327;0,111;2,481;0,264;1,950;3,590;0,106;;;
fev/16;GASOLINA COMUM;24756;R$/l;3,710;0,206;3,109;4,799;0,450;0,056;3,260;0,147;2,890;3,771;0,045;;;
fev/16;GLP;23225;R$/13kg;53,941;6,810;35,000;82,000;15,970;0,126;37,971;6,638;21,090;60,000;0,175;;;
fev/16;GNV;1316;R$/m3;2,251;0,233;1,499;3,399;0,608;0,104;1,643;0,208;1,299;2,331;0,127;;;
fev/16;OLEO DIESEL;16325;R$/l;3,017;0,165;2,499;3,900;0,322;0,055;2,695;0,124;2,320;3,326;0,046;;;
fev/16;OLEO DIESEL S10;16430;R$/l;3,158;0,164;2,649;4,020;0,349;0,052;2,809;0,124;2,490;3,596;0,044;;;
mar/16;ETANOL HIDRATADO;24029;R$/l;2,869;0,326;2,259;4,296;0,324;0,114;2,545;0,284;2,050;3,680;0,112;;;
mar/16;GASOLINA COMUM;26434;R$/l;3,730;0,210;3,179;4,840;0,448;0,056;3,282;0,149;2,734;3,792;0,045;;;
mar/16;GLP;26366;R$/13kg;53,871;6,834;35,000;83,000;15,637;0,127;38,234;6,744;21,230;59,990;0,176;;;
mar/16;GNV;1462;R$/m3;2,253;0,246;1,789;4,020;0,624;0,109;1,629;0,216;1,273;2,331;0,133;;;
mar/16;OLEO DIESEL;17219;R$/l;3,020;0,166;2,499;3,980;0,326;0,055;2,694;0,132;2,062;3,350;0,049;;;
mar/16;OLEO DIESEL S10;17561;R$/l;3,164;0,165;2,649;4,250;0,356;0,052;2,808;0,133;2,490;3,644;0,047;;;
abr/16;ETANOL HIDRATADO;20839;R$/l;2,741;0,406;1,859;4,296;0,444;0,148;2,297;0,419;1,499;3,830;0,182;;;
abr/16;GASOLINA COMUM;22743;R$/l;3,717;0,219;3,059;4,890;0,458;0,059;3,259;0,162;2,830;3,792;0,050;;;
abr/16;GLP;22042;R$/13kg;53,679;6,857;35,000;83,000;15,500;0,128;38,179;6,578;21,529;58,500;0,172;;;
abr/16;GNV;1219;R$/m3;2,251;0,234;1,749;3,090;0,639;0,104;1,612;0,227;1,295;2,351;0,141;;;
abr/16;OLEO DIESEL;14870;R$/l;3,021;0,171;2,640;3,980;0,324;0,057;2,697;0,130;2,320;3,373;0,048;;;
abr/16;OLEO DIESEL S10;15281;R$/l;3,165;0,170;2,740;4,098;0,353;0,054;2,812;0,134;2,434;3,695;0,048;;;
mai/16;ETANOL HIDRATADO;24153;R$/l;2,478;0,479;1,597;4,296;0,433;0,193;2,045;0,406;1,420;3,690;0,199;;;
mai/16;GASOLINA COMUM;26393;R$/l;3,674;0,233;3,047;4,890;0,481;0,063;3,193;0,177;2,590;3,681;0,055;;;
mai/16;GLP;25637;R$/13kg;53,384;6,952;35,000;83,000;15,612;0,130;37,772;6,650;21,529;58,500;0,176;;;
mai/16;GNV;1398;R$/m3;2,241;0,241;1,590;3,190;0,623;0,108;1,618;0,228;1,289;2,365;0,141;;;
mai/16;OLEO DIESEL;17335;R$/l;3,017;0,170;2,460;3,980;0,325;0,056;2,692;0,130;2,059;3,369;0,048;;;
mai/16;OLEO DIESEL S10;18009;R$/l;3,161;0,168;2,499;4,250;0,359;0,053;2,802;0,134;2,336;3,750;0,048;;;
jun/16;ETANOL HIDRATADO;22695;R$/l;2,466;0,437;1,749;4,069;0,364;0,177;2,102;0,349;1,584;3,690;0,166;;;
jun/16;GASOLINA COMUM;24764;R$/l;3,646;0,235;3,049;4,890;0,462;0,064;3,184;0,179;2,590;3,718;0,056;;;
jun/16;GLP;23904;R$/13kg;53,122;7,101;34,000;82,000;16,059;0,134;37,063;6,568;21,670;68,000;0,177;;;
jun/16;GNV;1323;R$/m3;2,231;0,238;1,699;3,030;0,662;0,107;1,569;0,235;1,130;2,346;0,150;;;
jun/16;OLEO DIESEL;15839;R$/l;3,015;0,172;2,539;3,980;0,327;0,057;2,688;0,131;2,093;3,353;0,049;;;
jun/16;OLEO DIESEL S10;17125;R$/l;3,159;0,172;2,690;4,090;0,359;0,054;2,800;0,132;2,404;3,750;0,047;;;
jul/16;ETANOL HIDRATADO;20747;R$/l;2,434;0,441;1,790;3,999;0,365;0,181;2,069;0,359;1,574;3,567;0,174;;;
jul/16;GASOLINA COMUM;22686;R$/l;3,638;0,242;3,049;4,890;0,466;0,067;3,172;0,183;2,309;3,800;0,058;;;
jul/16;GLP;22007;R$/13kg;52,878;7,076;34,000;82,000;15,817;0,134;37,061;6,536;21,669;61,250;0,176;;;
jul/16;GNV;1222;R$/m3;2,235;0,242;1,695;3,290;0,693;0,108;1,542;0,244;1,125;2,346;0,158;;;
jul/16;OLEO DIESEL;14537;R$/l;3,013;0,172;2,539;3,980;0,330;0,057;2,683;0,134;2,320;3,339;0,050;;;
jul/16;OLEO DIESEL S10;15905;R$/l;3,156;0,172;2,730;4,250;0,360;0,054;2,796;0,134;2,070;3,688;0,048;;;
ago/16;ETANOL HIDRATADO;25529;R$/l;2,485;0,417;1,890;3,999;0,340;0,168;2,145;0,337;1,626;3,570;0,157;;;
ago/16;GASOLINA COMUM;27838;R$/l;3,651;0,237;2,999;4,899;0,461;0,065;3,190;0,185;2,308;3,731;0,058;;;
ago/16;GLP;26997;R$/13kg;52,774;7,039;33,000;82,000;15,941;0,133;36,833;6,517;21,670;72,000;0,177;;;
ago/16;GNV;1460;R$/m3;2,212;0,244;1,688;3,090;0,647;0,110;1,565;0,254;1,190;2,616;0,162;;;
ago/16;OLEO DIESEL;17699;R$/l;3,010;0,171;2,530;3,980;0,336;0,057;2,674;0,135;2,296;3,339;0,050;;;
ago/16;OLEO DIESEL S10;19783;R$/l;3,150;0,171;2,690;4,250;0,364;0,054;2,786;0,135;2,339;3,714;0,048;;;
set/16;ETANOL HIDRATADO;21236;R$/l;2,510;0,403;1,890;3,999;0,331;0,161;2,179;0,327;1,696;3,470;0,150;;;
set/16;GASOLINA COMUM;23221;R$/l;3,648;0,237;3,010;4,899;0,451;0,065;3,197;0,183;2,590;3,952;0,057;;;
set/16;GLP;22417;R$/13kg;54,688;7,130;35,000;90,000;16,997;0,130;37,691;6,591;21,523;72,000;0,175;;;
set/16;GNV;1222;R$/m3;2,224;0,242;1,699;3,099;0,658;0,109;1,566;0,252;1,150;2,603;0,161;;;
set/16;OLEO DIESEL;14777;R$/l;3,009;0,174;2,530;3,980;0,335;0,058;2,674;0,137;2,360;3,342;0,051;;;
set/16;OLEO DIESEL S10;16519;R$/l;3,150;0,175;2,499;4,250;0,361;0,056;2,789;0,140;2,184;3,740;0,050;;;
out/16;ETANOL HIDRATADO;22402;R$/l;2,676;0,352;1,979;4,200;0,332;0,132;2,344;0,295;1,770;3,591;0,126;;;
out/16;GASOLINA COMUM;24478;R$/l;3,662;0,227;3,049;4,899;0,447;0,062;3,215;0,177;2,590;3,952;0,055;;;
out/16;GLP;24571;R$/13kg;55,343;7,352;35,000;90,000;16,796;0,133;38,547;6,633;21,641;79,200;0,172;;;
out/16;GNV;1308;R$/m3;2,201;0,248;1,688;3,090;0,654;0,113;1,547;0,288;1,199;2,603;0,186;;;
out/16;OLEO DIESEL;15364;R$/l;3,009;0,171;2,530;3,980;0,346;0,057;2,663;0,142;2,370;3,372;0,053;;;
out/16;OLEO DIESEL S10;17774;R$/l;3,148;0,174;2,490;4,250;0,370;0,055;2,778;0,143;2,344;3,741;0,051;;;
nov/16;ETANOL HIDRATADO;23703;R$/l;2,812;0,332;2,259;4,479;0,322;0,118;2,490;0,283;1,766;3,823;0,114;;;
nov/16;GASOLINA COMUM;26093;R$/l;3,671;0,220;2,999;4,899;0,444;0,060;3,227;0,172;2,590;3,959;0,053;;;
nov/16;GLP;23906;R$/13kg;55,607;7,438;35,000;90,000;16,559;0,134;39,048;6,817;21,623;79,200;0,175;;;
nov/16;GNV;1361;R$/m3;2,221;0,245;1,709;3,099;0,678;0,110;1,543;0,239;1,150;2,341;0,155;;;
nov/16;OLEO DIESEL;16532;R$/l;2,993;0,178;2,459;3,980;0,374;0,059;2,619;0,154;2,190;3,346;0,059;;;
nov/16;OLEO DIESEL S10;18858;R$/l;3,136;0,182;2,599;4,250;0,396;0,058;2,740;0,155;2,290;3,742;0,057;;;
dez/16;ETANOL HIDRATADO;20865;R$/l;2,831;0,344;2,299;4,479;0,345;0,122;2,486;0,292;1,984;3,791;0,117;;;
dez/16;GASOLINA COMUM;23221;R$/l;3,734;0,226;3,099;4,899;0,458;0,061;3,276;0,172;2,590;3,793;0,053;;;
dez/16;GLP;22855;R$/13kg;55,601;7,383;35,000;90,000;16,367;0,133;39,234;6,593;21,675;79,200;0,168;;;
dez/16;GNV;1156;R$/m3;2,214;0,263;1,749;3,220;0,648;0,119;1,566;0,289;1,163;2,720;0,185;;;
dez/16;OLEO DIESEL;14528;R$/l;3,024;0,192;2,459;4,070;0,406;0,063;2,618;0,163;2,180;3,389;0,062;;;
dez/16;OLEO DIESEL S10;16936;R$/l;3,170;0,192;2,599;4,250;0,425;0,061;2,745;0,164;2,229;3,627;0,060;;;
jan/17;ETANOL HIDRATADO;23751;R$/l;2,910;0,346;2,259;4,489;0,347;0,119;2,563;0,290;1,983;3,915;0,113;;;
jan/17;GASOLINA COMUM;26373;R$/l;3,768;0,229;3,139;4,949;0,434;0,061;3,334;0,170;2,340;3,921;0,051;;;
jan/17;GLP;24872;R$/13kg;55,611;7,484;35,900;95,000;16,044;0,135;39,567;6,687;21,675;79,200;0,169;;;
jan/17;GNV;1300;R$/m3;2,218;0,265;1,729;3,200;0,648;0,119;1,570;0,280;1,178;2,690;0,178;;;
jan/17;OLEO DIESEL;16537;R$/l;3,092;0,192;2,459;4,220;0,376;0,062;2,716;0,152;2,190;3,442;0,056;;;
jan/17;OLEO DIESEL S10;19362;R$/l;3,239;0,194;2,590;4,299;0,399;0,060;2,840;0,155;2,299;3,750;0,055;;;
fev/17;ETANOL HIDRATADO;18374;R$/l;2,884;0,370;2,239;4,489;0,366;0,128;2,518;0,309;2,000;3,928;0,123;;;
fev/17;GASOLINA COMUM;20404;R$/l;3,755;0,229;3,090;4,799;0,447;0,061;3,308;0,172;2,590;3,874;0,052;;;
fev/17;GLP;20446;R$/13kg;55,488;7,511;35,900;95,000;16,096;0,135;39,392;6,803;21,675;79,200;0,173;;;
fev/17;GNV;1001;R$/m3;2,284;0,265;1,749;3,099;0,703;0,116;1,581;0,251;1,172;2,346;0,159;;;
fev/17;OLEO DIESEL;12558;R$/l;3,098;0,192;2,550;4,220;0,395;0,062;2,703;0,149;2,190;3,442;0,055;;;
fev/17;OLEO DIESEL S10;14897;R$/l;3,241;0,193;2,690;4,260;0,417;0,060;2,824;0,152;2,374;3,703;0,054;;;
mar/17;ETANOL HIDRATADO;24159;R$/l;2,745;0,418;1,999;4,429;0,386;0,152;2,359;0,361;1,785;4,140;0,153;;;
mar/17;GASOLINA COMUM;27073;R$/l;3,687;0,244;3,079;4,999;0,469;0,066;3,218;0,185;2,590;3,809;0,057;;;
mar/17;GLP;26249;R$/13kg;55,679;7,614;35,000;93,000;16,397;0,137;39,282;6,776;21,675;79,200;0,172;;;
mar/17;GNV;1361;R$/m3;2,302;0,258;1,789;3,099;0,668;0,112;1,634;0,223;1,220;2,300;0,136;;;
mar/17;OLEO DIESEL;16837;R$/l;3,050;0,202;2,459;4,220;0,428;0,066;2,622;0,155;2,233;3,281;0,059;;;
mar/17;OLEO DIESEL S10;20040;R$/l;3,191;0,203;2,589;4,260;0,450;0,064;2,741;0,162;2,300;3,703;0,059;;;
abr/17;ETANOL HIDRATADO;20290;R$/l;2,639;0,423;1,899;4,299;0,383;0,160;2,256;0,354;1,740;3,947;0,157;;;
abr/17;GASOLINA COMUM;22713;R$/l;3,635;0,243;2,990;4,999;0,464;0,067;3,171;0,189;2,590;3,858;0,060;;;
abr/17;GLP;22039;R$/13kg;57,187;7,771;35,000;93,000;16,942;0,136;40,245;6,767;23,769;79,200;0,168;;;
abr/17;GNV;1129;R$/m3;2,298;0,256;1,789;3,099;0,634;0,111;1,664;0,223;1,252;2,299;0,134;;;
abr/17;OLEO DIESEL;14006;R$/l;3,015;0,201;2,480;4,220;0,437;0,067;2,578;0,144;2,211;3,221;0,056;;;
abr/17;OLEO DIESEL S10;16848;R$/l;3,156;0,201;2,589;4,260;0,462;0,064;2,694;0,154;2,300;3,589;0,057;;;
mai/17;ETANOL HIDRATADO;24694;R$/l;2,584;0,427;1,870;4,238;0,375;0,165;2,209;0,351;1,687;3,836;0,159;;;
mai/17;GASOLINA COMUM;27610;R$/l;3,617;0,252;2,960;4,999;0,451;0,070;3,166;0,197;2,590;3,856;0,062;;;
mai/17;GLP;26642;R$/13kg;57,206;7,868;38,000;105,000;16,633;0,138;40,573;6,798;23,769;89,900;0,168;;;
mai/17;GNV;1353;R$/m3;2,316;0,261;1,789;3,099;0,686;0,113;1,630;0,223;1,240;2,314;0,137;;;
mai/17;OLEO DIESEL;16949;R$/l;3,017;0,197;2,480;4,220;0,406;0,065;2,611;0,136;2,220;3,230;0,052;;;
mai/17;OLEO DIESEL S10;20721;R$/l;3,153;0,200;2,590;4,260;0,432;0,063;2,721;0,150;2,290;3,666;0,055;;;
jun/17;ETANOL HIDRATADO;20905;R$/l;2,485;0,454;1,790;4,157;0,369;0,183;2,116;0,361;1,650;3,582;0,171;;;
jun/17;GASOLINA COMUM;23375;R$/l;3,548;0,269;2,880;4,799;0,458;0,076;3,090;0,209;2,590;3,792;0,068;;;
jun/17;GLP;22954;R$/13kg;57,379;7,837;39,990;105,000;16,483;0,137;40,896;6,777;23,760;70,000;0,166;;;
jun/17;GNV;1123;R$/m3;2,334;0,267;1,780;3,099;0,684;0,114;1,650;0,209;1,310;2,300;0,127;;;
jun/17;OLEO DIESEL;14266;R$/l;2,985;0,204;2,459;4,220;0,432;0,068;2,553;0,149;2,110;3,210;0,058;;;
jun/17;OLEO DIESEL S10;17642;R$/l;3,121;0,206;2,520;4,260;0,452;0,066;2,669;0,161;2,181;3,666;0,060;;;
jul/17;ETANOL HIDRATADO;20953;R$/l;2,460;0,452;1,699;4,157;0,388;0,184;2,072;0,366;1,582;3,712;0,177;;;
jul/17;GASOLINA COMUM;23377;R$/l;3,553;0,304;2,799;4,950;0,506;0,086;3,047;0,231;2,538;3,855;0,076;;;
jul/17;GLP;22833;R$/13kg;57,526;7,998;39,990;105,000;16,519;0,139;41,007;6,684;24,000;75,000;0,163;;;
jul/17;GNV;1135;R$/m3;2,342;0,275;1,700;3,099;0,616;0,117;1,726;0,221;1,245;2,632;0,128;;;
jul/17;OLEO DIESEL;14223;R$/l;2,971;0,219;2,390;4,270;0,474;0,074;2,497;0,166;2,040;3,195;0,066;;;
jul/17;OLEO DIESEL S10;17813;R$/l;3,101;0,219;2,449;4,290;0,491;0,071;2,610;0,177;2,150;3,624;0,068;;;
ago/17;ETANOL HIDRATADO;13220;R$/l;2,611;0,406;1,889;4,444;0,383;0,155;2,228;0,332;1,630;3,747;0,149;;;
ago/17;GASOLINA COMUM;14838;R$/l;3,781;0,265;2,999;5,100;0,450;0,070;3,331;0,219;2,540;4,034;0,066;;;
ago/17;GLP;12038;R$/13kg;57,601;7,946;39,990;105,000;16,661;0,138;40,940;6,891;23,550;84,000;0,168;;;
ago/17;GNV;841;R$/m3;2,368;0,274;1,780;3,150;0,626;0,116;1,742;0,201;1,353;2,248;0,115;;;
ago/17;OLEO DIESEL;8423;R$/l;3,102;0,213;2,450;4,370;0,404;0,069;2,698;0,173;2,090;3,440;0,064;;;
ago/17;OLEO DIESEL S10;11466;R$/l;3,237;0,209;2,589;4,390;0,423;0,065;2,814;0,175;2,190;3,606;0,062;;;
set/17;ETANOL HIDRATADO;11187;R$/l;2,633;0,400;1,939;4,250;0,365;0,152;2,268;0,325;1,630;3,763;0,143;;;
set/17;GASOLINA COMUM;12508;R$/l;3,881;0,253;3,099;5,200;0,459;0,065;3,422;0,195;2,800;4,025;0,057;;;
set/17;GLP;10270;R$/13kg;59,451;8,428;39,990;110,000;17,578;0,142;41,873;7,135;25,000;75,000;0,170;;;
set/17;GNV;703;R$/m3;2,376;0,277;1,780;3,099;0,621;0,117;1,755;0,199;1,330;2,350;0,113;;;
set/17;OLEO DIESEL;7041;R$/l;3,173;0,205;2,640;4,470;0,384;0,065;2,789;0,162;2,208;3,520;0,058;;;
set/17;OLEO DIESEL S10;9666;R$/l;3,309;0,208;2,739;4,499;0,403;0,063;2,906;0,164;2,368;3,737;0,056;;;
out/17;ETANOL HIDRATADO;13725;R$/l;2,668;0,384;1,999;4,299;0,356;0,144;2,312;0,308;1,683;3,818;0,133;;;
out/17;GASOLINA COMUM;15370;R$/l;3,895;0,250;3,199;5,200;0,438;0,064;3,457;0,196;2,790;4,150;0,057;;;
out/17;GLP;12365;R$/13kg;63,208;9,029;40,000;115,000;18,754;0,143;44,454;7,622;23,550;78,000;0,171;;;
out/17;GNV;855;R$/m3;2,387;0,286;1,740;2,999;0,650;0,120;1,737;0,200;1,365;2,297;0,115;;;
out/17;OLEO DIESEL;8586;R$/l;3,223;0,195;2,699;4,470;0,356;0,061;2,867;0,135;2,340;3,560;0,047;;;
out/17;OLEO DIESEL S10;11914;R$/l;3,353;0,203;2,749;4,499;0,369;0,061;2,984;0,140;2,444;3,912;0,047;;;
nov/17;ETANOL HIDRATADO;11431;R$/l;2,790;0,362;1,990;4,399;0,372;0,130;2,418;0,281;1,687;4,457;0,116;;;
nov/17;GASOLINA COMUM;12806;R$/l;4,004;0,261;3,199;5,200;0,440;0,065;3,564;0,209;2,790;4,203;0,059;;;
nov/17;GLP;10707;R$/13kg;65,186;8,769;45,000;115,000;18,216;0,135;46,970;7,540;30,000;85,000;0,161;;;
nov/17;GNV;684;R$/m3;2,420;0,278;1,760;3,100;0,651;0,115;1,769;0,199;1,365;2,269;0,112;;;
nov/17;OLEO DIESEL;7139;R$/l;3,290;0,209;2,789;4,470;0,363;0,064;2,927;0,146;2,410;3,702;0,050;;;
nov/17;OLEO DIESEL S10;10001;R$/l;3,421;0,215;2,860;4,528;0,379;0,063;3,042;0,152;2,540;3,959;0,050;;;
dez/17;ETANOL HIDRATADO;11153;R$/l;2,879;0,344;1,990;4,399;0,361;0,119;2,518;0,275;1,690;4,457;0,109;;;
dez/17;GASOLINA COMUM;12542;R$/l;4,085;0,256;3,399;5,200;0,432;0,063;3,653;0,203;2,990;4,366;0,056;;;
dez/17;GLP;10252;R$/13kg;66,529;8,957;45,000;115,000;18,464;0,135;48,065;7,832;30,000;85,000;0,163;;;
dez/17;GNV;686;R$/m3;2,421;0,290;1,760;3,199;0,680;0,120;1,741;0,214;1,446;2,468;0,123;;;
dez/17;OLEO DIESEL;6905;R$/l;3,323;0,205;2,890;4,470;0,378;0,062;2,945;0,147;2,133;3,726;0,050;;;
dez/17;OLEO DIESEL S10;9740;R$/l;3,455;0,213;2,799;4,520;0,399;0,062;3,056;0,152;2,590;4,140;0,050;;;
jan/18;ETANOL HIDRATADO;24362;R$/l;2,984;0,347;2,197;4,739;0,346;0,116;2,638;0,280;1,690;3,908;0,106;;;
jan/18;GASOLINA COMUM;27471;R$/l;4,189;0,268;3,499;5,150;0,437;0,064;3,752;0,211;2,904;4,420;0,056;;;
jan/18;GLP;21209;R$/13kg;67,306;8,794;45,000;120,000;18,090;0,131;49,216;7,758;30,000;94,500;0,158;;;
jan/18;GNV;1452;R$/m3;2,468;0,300;1,760;3,299;0,688;0,122;1,780;0,206;1,244;2,531;0,116;;;
jan/18;OLEO DIESEL;15772;R$/l;3,375;0,202;2,799;4,490;0,363;0,060;3,012;0,153;2,490;3,812;0,051;;;
jan/18;OLEO DIESEL S10;21383;R$/l;3,498;0,205;2,940;4,770;0,392;0,059;3,106;0,154;2,520;4,162;0,050;;;
fev/18;ETANOL HIDRATADO;20370;R$/l;3,023;0,361;2,199;4,739;0,332;0,119;2,691;0,303;2,040;4,007;0,113;;;
fev/18;GASOLINA COMUM;23032;R$/l;4,208;0,268;3,479;5,200;0,452;0,064;3,756;0,213;2,990;4,439;0,057;;;
fev/18;GLP;17028;R$/13kg;66,803;8,834;45,000;120,000;17,158;0,132;49,645;7,769;31,560;94,500;0,156;;;
fev/18;GNV;1250;R$/m3;2,519;0,302;1,799;3,299;0,695;0,120;1,824;0,226;1,244;2,492;0,124;;;
fev/18;OLEO DIESEL;13194;R$/l;3,388;0,207;2,799;4,479;0,397;0,061;2,991;0,161;2,490;3,733;0,054;;;
fev/18;OLEO DIESEL S10;17837;R$/l;3,510;0,208;2,899;4,770;0,421;0,059;3,089;0,166;2,590;4,131;0,054;;;
mar/18;ETANOL HIDRATADO;21290;R$/l;3,032;0,373;2,170;4,739;0,318;0,123;2,714;0,313;1,690;4,007;0,115;;;
mar/18;GASOLINA COMUM;24090;R$/l;4,199;0,283;3,479;5,200;0,426;0,067;3,773;0,227;2,990;4,527;0,060;;;
mar/18;GLP;18471;R$/13kg;66,790;8,617;45,000;120,000;17,314;0,129;49,476;7,851;30,000;94,500;0,159;;;
mar/18;GNV;1254;R$/m3;2,551;0,320;1,810;3,399;0,718;0,125;1,833;0,237;1,276;2,531;0,129;;;
mar/18;OLEO DIESEL;13454;R$/l;3,383;0,209;2,890;4,479;0,409;0,062;2,974;0,160;2,490;3,686;0,054;;;
mar/18;OLEO DIESEL S10;18582;R$/l;3,502;0,210;2,940;4,770;0,432;0,060;3,070;0,161;2,493;4,078;0,052;;;
abr/18;ETANOL HIDRATADO;22233;R$/l;2,972;0,410;2,099;4,790;0,392;0,138;2,580;0,390;1,935;4,283;0,151;;;
abr/18;GASOLINA COMUM;25483;R$/l;4,215;0,292;3,397;5,200;0,414;0,069;3,801;0,231;2,990;4,572;0,061;;;
abr/18;GLP;18469;R$/13kg;66,985;8,548;45,000;120,000;17,068;0,128;49,917;7,444;30,000;94,500;0,149;;;
abr/18;GNV;1277;R$/m3;2,562;0,322;1,830;3,399;0,694;0,126;1,868;0,231;1,345;2,498;0,124;;;
abr/18;OLEO DIESEL;14351;R$/l;3,432;0,213;2,890;4,700;0,353;0,062;3,079;0,166;2,490;3,872;0,054;;;
abr/18;OLEO DIESEL S10;19789;R$/l;3,518;0,213;2,940;4,970;0,370;0,061;3,148;0,165;2,590;4,279;0,052;;;
mai/18;ETANOL HIDRATADO;18501;R$/l;2,811;0,474;2,079;4,799;0,434;0,169;2,377;0,397;1,880;4,002;0,167;;;
mai/18;GASOLINA COMUM;21203;R$/l;4,314;0,307;3,369;5,459;0,426;0,071;3,888;0,243;2,990;4,836;0,063;;;
mai/18;GLP;16737;R$/13kg;66,957;8,670;45,000;115,000;16,651;0,129;50,306;7,386;30,000;94,500;0,147;;;
mai/18;GNV;1171;R$/m3;2,640;0,326;1,860;3,500;0,761;0,123;1,879;0,230;1,317;2,495;0,122;;;
mai/18;OLEO DIESEL;11820;R$/l;3,629;0,236;2,990;5,200;0,359;0,065;3,270;0,183;2,490;4,100;0,056;;;
mai/18;OLEO DIESEL S10;16615;R$/l;3,715;0,232;3,049;5,300;0,373;0,062;3,342;0,178;2,590;4,478;0,053;;;
jun/18;ETANOL HIDRATADO;19261;R$/l;2,933;0,426;2,179;4,947;0,411;0,145;2,522;0,353;1,970;4,195;0,140;;;
jun/18;GASOLINA COMUM;22757;R$/l;4,552;0,271;3,599;5,599;0,509;0,060;4,043;0,230;3,302;4,832;0,057;;;
jun/18;GLP;16666;R$/13kg;68,766;8,264;49,900;115,000;18,497;0,120;50,269;7,193;30,000;83,000;0,143;;;
jun/18;GNV;1187;R$/m3;2,685;0,336;1,969;3,890;0,767;0,125;1,918;0,243;1,317;2,582;0,127;;;
jun/18;OLEO DIESEL;12229;R$/l;3,424;0,227;2,890;4,859;0,331;0,066;3,093;0,190;2,440;4,100;0,061;;;
jun/18;OLEO DIESEL S10;17131;R$/l;3,506;0,218;2,839;5,080;0,348;0,062;3,158;0,183;2,596;4,306;0,058;;;
jul/18;ETANOL HIDRATADO;22282;R$/l;2,785;0,489;1,990;4,947;0,413;0,176;2,372;0,415;1,801;3,877;0,175;;;
jul/18;GASOLINA COMUM;25523;R$/l;4,492;0,294;3,649;5,599;0,459;0,065;4,033;0,236;2,990;4,825;0,059;;;
jul/18;GLP;19119;R$/13kg;68,574;8,225;48,000;115,000;17,662;0,120;50,912;7,189;30,000;86,500;0,141;;;
jul/18;GNV;1315;R$/m3;2,712;0,306;1,989;3,599;0,708;0,113;2,004;0,246;1,506;2,836;0,123;;;
jul/18;OLEO DIESEL;14131;R$/l;3,382;0,202;2,890;4,449;0,331;0,060;3,051;0,151;2,620;3,872;0,049;;;
jul/18;OLEO DIESEL S10;20180;R$/l;3,460;0,194;2,930;4,565;0,348;0,056;3,112;0,145;2,773;4,068;0,047;;;
ago/18;ETANOL HIDRATADO;23472;R$/l;2,656;0,514;1,895;4,799;0,395;0,194;2,261;0,402;1,674;4,053;0,178;;;
ago/18;GASOLINA COMUM;26503;R$/l;4,447;0,302;3,649;5,990;0,440;0,068;4,007;0,236;3,490;4,844;0,059;;;
ago/18;GLP;20207;R$/13kg;68,345;8,139;48,000;115,000;17,083;0,119;51,262;7,052;30,000;86,500;0,138;;;
ago/18;GNV;1292;R$/m3;2,798;0,325;1,989;3,970;0,790;0,116;2,008;0,243;1,514;2,836;0,121;;;
ago/18;OLEO DIESEL;14356;R$/l;3,373;0,200;2,889;4,670;0,321;0,059;3,052;0,143;2,619;3,890;0,047;;;
ago/18;OLEO DIESEL S10;21133;R$/l;3,452;0,190;2,930;4,770;0,339;0,055;3,113;0,134;2,775;3,890;0,043;;;
set/18;ETANOL HIDRATADO;20416;R$/l;2,798;0,451;1,949;4,800;0,370;0,161;2,428;0,355;1,775;4,109;0,146;;;
set/18;GASOLINA COMUM;23112;R$/l;4,625;0,296;3,690;6,290;0,428;0,064;4,197;0,252;3,515;5,000;0,060;;;
set/18;GLP;17489;R$/13kg;68,476;8,207;48,000;120,000;17,035;0,120;51,441;7,178;30,000;88,000;0,140;;;
set/18;GNV;1154;R$/m3;2,851;0,353;1,909;3,899;0,767;0,124;2,084;0,281;1,515;2,853;0,135;;;
set/18;OLEO DIESEL;12565;R$/l;3,605;0,223;2,889;4,950;0,373;0,062;3,232;0,179;2,619;4,020;0,055;;;
set/18;OLEO DIESEL S10;18656;R$/l;3,688;0,214;2,990;5,070;0,395;0,058;3,293;0,175;2,255;4,110;0,053;;;
out/18;ETANOL HIDRATADO;24478;R$/l;2,934;0,405;2,299;4,800;0,349;0,138;2,585;0,327;1,859;4,360;0,126;;;
out/18;GASOLINA COMUM;27682;R$/l;4,717;0,278;3,899;6,290;0,450;0,059;4,267;0,232;3,599;5,022;0,054;;;
out/18;GLP;21040;R$/13kg;68,529;8,135;48,000;120,000;16,493;0,119;52,036;7,105;32,000;88,000;0,137;;;
out/18;GNV;1310;R$/m3;2,880;0,344;1,989;3,899;0,740;0,119;2,140;0,254;1,515;2,853;0,119;;;
out/18;OLEO DIESEL;14974;R$/l;3,706;0,201;3,059;4,950;0,357;0,054;3,349;0,150;2,879;4,099;0,045;;;
out/18;OLEO DIESEL S10;22247;R$/l;3,783;0,196;3,099;5,090;0,366;0,052;3,417;0,146;2,880;4,242;0,043;;;
nov/18;ETANOL HIDRATADO;21602;R$/l;2,917;0,411;2,259;4,799;0,352;0,141;2,565;0,351;1,902;4,059;0,137;;;
nov/18;GASOLINA COMUM;24409;R$/l;4,590;0,296;3,749;6,290;0,550;0,064;4,040;0,263;3,350;4,877;0,065;;;
nov/18;GLP;18316;R$/13kg;68,971;8,271;48,000;120,000;16,640;0,120;52,331;7,230;32,000;86,500;0,138;;;
nov/18;GNV;1224;R$/m3;3,005;0,387;1,949;4,100;0,832;0,129;2,173;0,271;1,515;3,001;0,125;;;
nov/18;OLEO DIESEL;13003;R$/l;3,661;0,214;3,080;4,950;0,393;0,058;3,268;0,173;2,867;4,073;0,053;;;
nov/18;OLEO DIESEL S10;19596;R$/l;3,747;0,204;3,099;5,090;0,406;0,054;3,341;0,170;2,914;4,242;0,051;;;
dez/18;ETANOL HIDRATADO;20528;R$/l;2,828;0,428;2,149;4,980;0,342;0,151;2,486;0,337;1,910;3,944;0,136;;;
dez/18;GASOLINA COMUM;23221;R$/l;4,365;0,307;3,669;6,290;0,508;0,070;3,857;0,241;3,340;4,713;0,062;;;
dez/18;GLP;17522;R$/13kg;69,354;8,173;50,000;120,000;16,725;0,118;52,629;7,335;32,000;86,500;0,139;;;
dez/18;GNV;1138;R$/m3;3,052;0,395;1,949;3,999;0,791;0,129;2,261;0,294;1,640;3,083;0,130;;;
dez/18;OLEO DIESEL;12397;R$/l;3,499;0,261;2,870;4,950;0,449;0,075;3,050;0,215;2,532;4,050;0,070;;;
dez/18;OLEO DIESEL S10;18608;R$/l;3,604;0,250;2,979;5,070;0,470;0,069;3,134;0,211;2,440;4,180;0,067;;;
jan/19;ETANOL HIDRATADO;25791;R$/l;2,812;0,446;2,179;4,949;0,337;0,159;2,475;0,368;1,907;3,922;0,149;;;
jan/19;GASOLINA COMUM;29056;R$/l;4,268;0,314;3,390;6,290;0,500;0,074;3,768;0,249;3,000;4,885;0,066;;;
jan/19;GLP;21895;R$/13kg;69,260;8,068;47,990;120,000;16,996;0,116;52,264;7,207;32,000;88,000;0,138;;;
jan/19;GNV;1423;R$/m3;3,084;0,392;1,995;3,999;0,750;0,127;2,334;0,295;1,640;3,072;0,126;;;
jan/19;OLEO DIESEL;15552;R$/l;3,437;0,252;2,870;4,950;0,416;0,073;3,021;0,183;2,568;4,071;0,061;;;
jan/19;OLEO DIESEL S10;23435;R$/l;3,543;0,239;2,979;5,070;0,448;0,067;3,095;0,181;2,567;4,256;0,058;;;
fev/19;ETANOL HIDRATADO;20659;R$/l;2,783;0,456;2,129;4,949;0,353;0,164;2,430;0,387;1,726;4,188;0,159;;;
fev/19;GASOLINA COMUM;23251;R$/l;4,190;0,316;3,397;5,690;0,462;0,075;3,728;0,243;2,926;4,603;0,065;;;
fev/19;GLP;17511;R$/13kg;69,107;8,037;47,990;115,000;16,850;0,116;52,257;7,102;32,000;86,000;0,136;;;
fev/19;GNV;1191;R$/m3;3,131;0,314;2,159;4,190;0,784;0,100;2,347;0,316;1,640;3,180;0,135;;;
fev/19;OLEO DIESEL;12444;R$/l;3,453;0,236;2,890;4,950;0,367;0,068;3,086;0,168;2,665;4,062;0,054;;;
fev/19;OLEO DIESEL S10;18901;R$/l;3,549;0,229;2,790;5,070;0,394;0,065;3,155;0,166;2,480;4,210;0,053;;;
mar/19;ETANOL HIDRATADO;20661;R$/l;2,950;0,429;2,190;4,949;0,337;0,145;2,613;0,379;1,911;4,122;0,145;;;
mar/19;GASOLINA COMUM;23219;R$/l;4,305;0,306;3,499;5,988;0,433;0,071;3,872;0,250;2,930;4,740;0,065;;;
mar/19;GLP;17500;R$/13kg;69,169;7,914;47,990;110,000;16,882;0,114;52,287;7,139;32,000;90,000;0,137;;;
mar/19;GNV;1209;R$/m3;3,154;0,310;2,390;4,190;0,752;0,098;2,402;0,289;1,706;3,372;0,120;;;
mar/19;OLEO DIESEL;12291;R$/l;3,530;0,226;2,899;4,950;0,365;0,064;3,165;0,165;2,700;4,190;0,052;;;
mar/19;OLEO DIESEL S10;18829;R$/l;3,619;0,217;2,979;5,070;0,384;0,060;3,235;0,156;2,753;4,310;0,048;;;
abr/19;ETANOL HIDRATADO;24364;R$/l;3,002;0,451;2,299;4,949;0,391;0,150;2,611;0,416;2,070;4,241;0,159;;;
abr/19;GASOLINA COMUM;27385;R$/l;4,437;0,301;3,599;5,988;0,435;0,068;4,002;0,242;2,930;5,015;0,060;;;
abr/19;GLP;20612;R$/13kg;69,064;7,888;50,000;115,000;16,790;0,114;52,274;7,159;35,920;90,000;0,137;;;
abr/19;GNV;1427;R$/m3;3,168;0,316;2,479;4,190;0,725;0,100;2,443;0,282;1,704;3,194;0,115;;;
abr/19;OLEO DIESEL;14573;R$/l;3,573;0,222;2,989;4,950;0,394;0,062;3,179;0,162;2,597;4,240;0,051;;;
abr/19;OLEO DIESEL S10;22367;R$/l;3,660;0,215;2,999;5,070;0,412;0,059;3,248;0,158;2,723;4,350;0,049;;;
mai/19;ETANOL HIDRATADO;22088;R$/l;2,990;0,505;2,259;4,999;0,423;0,169;2,567;0,457;2,035;4,278;0,178;;;
mai/19;GASOLINA COMUM;24841;R$/l;4,552;0,306;3,699;5,859;0,422;0,067;4,130;0,246;3,387;5,024;0,060;;;
mai/19;GLP;18720;R$/13kg;69,294;7,987;50,000;115,000;16,698;0,115;52,596;7,320;32,000;90,000;0,139;;;
mai/19;GNV;1282;R$/m3;3,162;0,327;2,449;4,190;0,765;0,103;2,397;0,298;1,706;3,194;0,124;;;
mai/19;OLEO DIESEL;13220;R$/l;3,649;0,216;3,089;4,950;0,373;0,059;3,276;0,155;2,820;4,270;0,047;;;
mai/19;OLEO DIESEL S10;20237;R$/l;3,730;0,208;3,199;5,070;0,392;0,056;3,338;0,155;2,212;4,390;0,046;;;
jun/19;ETANOL HIDRATADO;20626;R$/l;2,819;0,545;2,159;4,970;0,361;0,193;2,458;0,442;1,836;4,226;0,180;;;
jun/19;GASOLINA COMUM;23235;R$/l;4,468;0,311;3,679;5,859;0,464;0,070;4,004;0,251;3,502;5,091;0,063;;;
jun/19;GLP;17474;R$/13kg;69,241;7,929;50,000;115,000;16,534;0,115;52,707;7,336;35,990;90,000;0,139;;;
jun/19;GNV;1231;R$/m3;3,161;0,309;2,499;3,999;0,803;0,098;2,358;0,303;1,685;3,289;0,128;;;
jun/19;OLEO DIESEL;12460;R$/l;3,608;0,224;3,089;4,950;0,398;0,062;3,210;0,168;2,790;4,270;0,052;;;
jun/19;OLEO DIESEL S10;18987;R$/l;3,692;0,214;3,099;5,070;0,423;0,058;3,269;0,165;2,850;4,400;0,050;;;
jul/19;ETANOL HIDRATADO;24885;R$/l;2,776;0,536;2,099;4,970;0,323;0,193;2,453;0,432;1,903;4,259;0,176;;;
jul/19;GASOLINA COMUM;28065;R$/l;4,351;0,317;3,569;5,859;0,458;0,073;3,893;0,238;3,400;4,790;0,061;;;
jul/19;GLP;21027;R$/13kg;69,077;7,895;49,990;115,000;16,523;0,114;52,554;7,260;32,000;90,000;0,138;;;
jul/19;GNV;1378;R$/m3;3,148;0,312;2,489;4,190;0,736;0,099;2,412;0,312;1,712;3,328;0,129;;;
jul/19;OLEO DIESEL;14910;R$/l;3,543;0,227;3,029;4,950;0,421;0,064;3,122;0,160;2,677;4,192;0,051;;;
jul/19;OLEO DIESEL S10;22949;R$/l;3,631;0,219;3,070;5,070;0,450;0,060;3,181;0,159;2,690;4,325;0,050;;;
ago/19;ETANOL HIDRATADO;21495;R$/l;2,829;0,507;2,139;4,970;0,312;0,179;2,517;0,421;1,999;4,103;0,167;;;
ago/19;GASOLINA COMUM;24149;R$/l;4,316;0,308;3,559;5,799;0,454;0,071;3,862;0,240;3,258;4,734;0,062;;;
ago/19;GLP;18289;R$/13kg;68,823;7,836;49,500;115,000;16,608;0,114;52,215;7,205;32,000;88,000;0,138;;;
ago/19;GNV;1247;R$/m3;3,157;0,317;2,499;4,320;0,773;0,100;2,384;0,282;1,712;3,231;0,118;;;
ago/19;OLEO DIESEL;12814;R$/l;3,524;0,224;3,048;4,950;0,404;0,064;3,120;0,159;2,590;4,120;0,051;;;
ago/19;OLEO DIESEL S10;19810;R$/l;3,612;0,220;2,999;5,070;0,432;0,061;3,180;0,159;2,550;4,254;0,050;;;
set/19;ETANOL HIDRATADO;22208;R$/l;2,851;0,494;2,249;4,970;0,330;0,173;2,521;0,415;2,047;3,932;0,165;;;
set/19;GASOLINA COMUM;25045;R$/l;4,326;0,310;3,559;5,799;0,448;0,072;3,878;0,236;3,314;4,558;0,061;;;
set/19;GLP;17932;R$/13kg;68,859;7,844;49,500;115,000;16,904;0,114;51,955;6,928;32,000;90,000;0,133;;;
set/19;GNV;1276;R$/m3;3,156;0,325;2,599;4,320;0,729;0,103;2,427;0,308;1,683;3,231;0,127;;;
set/19;OLEO DIESEL;13460;R$/l;3,592;0,233;2,999;4,950;0,379;0,065;3,213;0,176;2,733;4,036;0,055;;;
set/19;OLEO DIESEL S10;20547;R$/l;3,671;0,226;2,999;5,070;0,397;0,062;3,274;0,172;2,290;4,190;0,053;;;
out/19;ETANOL HIDRATADO;24268;R$/l;2,906;0,479;2,269;5,470;0,331;0,165;2,575;0,394;2,021;3,969;0,153;;;
out/19;GASOLINA COMUM;27201;R$/l;4,380;0,303;3,629;5,799;0,430;0,069;3,950;0,237;3,209;4,632;0,060;;;
out/19;GLP;21408;R$/13kg;68,771;7,678;50,000;115,000;17,018;0,112;51,753;6,787;32,000;90,000;0,131;;;
out/19;GNV;1473;R$/m3;3,181;0,337;2,599;4,185;0,732;0,106;2,449;0,309;1,781;3,231;0,126;;;
out/19;OLEO DIESEL;14356;R$/l;3,705;0,220;3,139;4,950;0,358;0,059;3,347;0,143;2,810;4,050;0,043;;;
out/19;OLEO DIESEL S10;22364;R$/l;3,777;0,210;3,160;5,070;0,366;0,056;3,411;0,145;2,468;4,190;0,043;;;
nov/19;ETANOL HIDRATADO;20683;R$/l;2,974;0,457;2,349;5,470;0,325;0,154;2,649;0,383;2,000;4,074;0,145;;;
nov/19;GASOLINA COMUM;23235;R$/l;4,413;0,291;3,649;5,799;0,434;0,066;3,979;0,236;3,403;4,710;0,059;;;
nov/19;GLP;17493;R$/13kg;69,113;7,708;50,000;115,000;16,963;0,112;52,150;6,970;32,000;90,000;0,134;;;
nov/19;GNV;1235;R$/m3;3,188;0,326;2,599;4,149;0,788;0,102;2,400;0,316;1,781;3,221;0,132;;;
nov/19;OLEO DIESEL;12339;R$/l;3,713;0,217;3,170;4,950;0,376;0,058;3,337;0,144;2,900;3,980;0,043;;;
nov/19;OLEO DIESEL S10;19175;R$/l;3,786;0,207;3,190;5,070;0,389;0,055;3,397;0,142;2,479;4,182;0,042;;;
dez/19;ETANOL HIDRATADO;23528;R$/l;3,125;0,421;2,379;5,470;0,355;0,135;2,770;0,377;2,200;4,251;0,136;;;
dez/19;GASOLINA COMUM;26228;R$/l;4,531;0,281;3,699;5,859;0,442;0,062;4,089;0,237;3,510;4,924;0,058;;;
dez/19;GLP;18546;R$/13kg;69,241;7,659;50,000;115,000;16,923;0,111;52,318;7,167;32,000;87,500;0,137;;;
dez/19;GNV;1427;R$/m3;3,203;0,324;2,679;4,559;0,789;0,101;2,414;0,311;1,781;3,363;0,129;;;
dez/19;OLEO DIESEL;13743;R$/l;3,737;0,211;3,249;4,990;0,366;0,056;3,371;0,151;2,900;4,020;0,045;;;
dez/19;OLEO DIESEL S10;21766;R$/l;3,811;0,202;3,290;5,089;0,381;0,053;3,430;0,151;2,174;4,255;0,044;;;
jan/20;ETANOL HIDRATADO;22882;R$/l;3,226;0,424;2,478;5,099;0,336;0,131;2,890;0,393;2,271;4,359;0,136;;;
jan/20;GASOLINA COMUM;25996;R$/l;4,579;0,276;3,799;5,899;0,450;0,060;4,129;0,235;3,540;5,004;0,057;;;
jan/20;GLP;20793;R$/13kg;69,743;8,021;50,000;115,000;16,909;0,115;52,834;7,478;32,000;87,500;0,142;;;
jan/20;GNV;1418;R$/m3;3,211;0,319;2,199;4,779;0,829;0,099;2,382;0,334;1,738;4,219;0,140;;;
jan/20;OLEO DIESEL;13821;R$/l;3,788;0,213;3,290;5,009;0,373;0,056;3,415;0,150;3,015;4,192;0,044;;;
jan/20;OLEO DIESEL S10;21699;R$/l;3,856;0,204;2,899;5,150;0,388;0,053;3,468;0,151;2,791;4,297;0,044;;;
fev/20;ETANOL HIDRATADO;20555;R$/l;3,248;0,430;2,690;4,999;0,317;0,132;2,931;0,402;2,309;4,693;0,137;;;
fev/20;GASOLINA COMUM;23230;R$/l;4,550;0,274;3,670;5,899;0,474;0,060;4,076;0,238;3,544;4,770;0,058;;;
fev/20;GLP;17477;R$/13kg;69,907;7,970;50,000;115,000;16,638;0,114;53,269;7,510;32,000;87,500;0,141;;;
fev/20;GNV;1298;R$/m3;3,209;0,311;2,699;4,149;0,774;0,097;2,435;0,320;1,763;3,221;0,131;;;
fev/20;OLEO DIESEL;12258;R$/l;3,714;0,228;3,149;4,990;0,446;0,061;3,268;0,170;2,735;3,948;0,052;;;
fev/20;OLEO DIESEL S10;19352;R$/l;3,795;0,217;3,039;5,070;0,481;0,057;3,314;0,172;2,840;4,271;0,052;;;
mar/20;ETANOL HIDRATADO;23156;R$/l;3,196;0,454;2,099;4,999;0,307;0,142;2,889;0,437;1,840;4,693;0,151;;;
mar/20;GASOLINA COMUM;26055;R$/l;4,462;0,294;3,230;5,889;0,466;0,066;3,996;0,266;3,010;4,748;0,067;;;
mar/20;GLP;19492;R$/13kg;69,937;7,902;50,000;115,000;16,723;0,113;53,214;7,439;32,000;87,500;0,140;;;
mar/20;GNV;1404;R$/m3;3,195;0,307;2,689;4,429;0,793;0,096;2,402;0,338;1,816;3,216;0,141;;;
mar/20;OLEO DIESEL;13559;R$/l;3,574;0,259;2,890;4,950;0,463;0,072;3,111;0,189;2,580;3,948;0,061;;;
mar/20;OLEO DIESEL S10;21678;R$/l;3,665;0,251;2,699;5,070;0,509;0,068;3,156;0,188;2,342;4,192;0,060;;;
abr/20;ETANOL HIDRATADO;22941;R$/l;2,784;0,564;1,859;4,999;0,454;0,203;2,330;0,571;1,555;4,310;0,245;;;
abr/20;GASOLINA COMUM;25947;R$/l;4,066;0,341;2,920;5,889;0,557;0,084;3,509;0,316;2,831;4,668;0,090;;;
abr/20;GLP;19240;R$/13kg;69,889;7,551;49,990;115,000;17,384;0,108;52,505;7,454;32,000;87,500;0,142;;;
abr/20;GNV;1316;R$/m3;3,184;0,295;2,399;4,149;0,773;0,093;2,411;0,263;1,971;3,149;0,109;;;
abr/20;OLEO DIESEL;13745;R$/l;3,293;0,271;2,453;4,950;0,470;0,082;2,823;0,187;2,213;3,670;0,066;;;
abr/20;OLEO DIESEL S10;21615;R$/l;3,392;0,275;2,465;5,070;0,510;0,081;2,882;0,207;2,270;3,932;0,072;;;
mai/20;ETANOL HIDRATADO;20575;R$/l;2,550;0,564;1,799;4,999;0,411;0,221;2,139;0,475;1,638;4,319;0,222;;;
mai/20;GASOLINA COMUM;23056;R$/l;3,818;0,314;2,870;5,690;0,542;0,082;3,276;0,260;2,635;4,654;0,079;;;
mai/20;GLP;17427;R$/13kg;69,536;7,423;49,990;115,000;17,829;0,107;51,707;7,473;32,000;87,500;0,145;;;
mai/20;GNV;1204;R$/m3;3,098;0,297;2,397;3,999;0,784;0,096;2,314;0,206;1,789;2,721;0,089;;;
mai/20;OLEO DIESEL;12070;R$/l;3,037;0,271;2,459;4,950;0,505;0,089;2,532;0,176;2,169;3,320;0,070;;;
mai/20;OLEO DIESEL S10;19283;R$/l;3,140;0,283;2,489;5,070;0,548;0,090;2,592;0,197;2,180;3,700;0,076;;;
jun/20;ETANOL HIDRATADO;23397;R$/l;2,655;0,504;1,969;4,999;0,372;0,190;2,283;0,384;1,616;4,107;0,168;;;
jun/20;GASOLINA COMUM;26187;R$/l;3,964;0,301;2,990;5,690;0,475;0,076;3,489;0,256;2,770;4,392;0,073;;;
jun/20;GLP;19812;R$/13kg;69,579;7,590;49,990;115,000;17,512;0,109;52,067;7,347;39,400;87,500;0,141;;;
jun/20;GNV;1409;R$/m3;3,080;0,305;2,389;3,999;0,905;0,099;2,175;0,222;1,788;2,949;0,102;;;
jun/20;OLEO DIESEL;13668;R$/l;3,064;0,247;2,490;4,950;0,441;0,081;2,623;0,148;2,165;3,291;0,056;;;
jun/20;OLEO DIESEL S10;21889;R$/l;3,152;0,261;2,530;5,070;0,477;0,083;2,675;0,164;2,161;3,700;0,061;;;
jul/20;ETANOL HIDRATADO;22862;R$/l;2,739;0,490;2,099;4,999;0,374;0,179;2,365;0,393;1,850;3,884;0,166;;;
jul/20;GASOLINA COMUM;25641;R$/l;4,144;0,294;3,259;5,690;0,453;0,071;3,691;0,248;2,650;4,640;0,067;;;
jul/20;GLP;19378;R$/13kg;69,961;7,435;49,900;115,000;17,341;0,106;52,620;6,547;39,400;77,500;0,124;;;
jul/20;GNV;1410;R$/m3;3,062;0,308;2,000;3,999;0,930;0,101;2,132;0,186;1,866;2,949;0,087;;;
jul/20;OLEO DIESEL;13533;R$/l;3,249;0,239;2,540;4,950;0,402;0,074;2,847;0,172;2,220;3,702;0,060;;;
jul/20;OLEO DIESEL S10;21486;R$/l;3,327;0,242;2,580;5,070;0,425;0,073;2,902;0,180;2,161;3,721;0,062;;;
ago/20;ETANOL HIDRATADO;15169;R$/l;2,768;0,486;2,079;4,940;0,370;0,176;2,398;0,394;1,877;4,043;0,164;;;
ago/20;GASOLINA COMUM;17042;R$/l;4,237;0,300;3,370;5,690;0,461;0,071;3,776;0,245;3,110;4,694;0,065;;;
ago/20;GLP;12463;R$/13kg;69,981;7,642;49,900;115,000;17,138;0,109;52,843;7,073;41,430;77,500;0,134;;;
ago/20;GNV;957;R$/m³;3,015;0,324;2,000;4,099;0,893;0,107;2,122;0,211;1,543;2,660;0,099;;;
ago/20;OLEO DIESEL;8952;R$/l;3,358;0,231;2,729;4,950;0,377;0,069;2,981;0,144;2,417;3,898;0,048;;;
ago/20;OLEO DIESEL S10;14398;R$/l;3,431;0,231;2,790;5,070;0,402;0,067;3,029;0,151;2,160;3,904;0,050;;;
out/20;ETANOL HIDRATADO;2093;R$/l;3,006;0,372;2,499;4,499;-;0,124;-;-;-;-;-;;;
out/20;GASOLINA ADITIVADA;1678;R$/l;4,509;0,324;3,789;5,999;-;0,072;-;-;-;-;-;;;
out/20;GASOLINA COMUM;2350;R$/l;4,358;0,308;3,640;5,199;-;0,071;-;-;-;-;-;;;
out/20;GLP;1392;R$/13kg;71,611;8,571;50,000;105,000;-;0,120;-;-;-;-;-;;;
out/20;GNV;252;R$/m³;2,879;0,308;2,190;3,719;-;0,107;-;-;-;-;-;;;
out/20;OLEO DIESEL;681;R$/l;3,454;0,289;2,879;4,650;-;0,084;-;-;-;-;-;;;
out/20;OLEO DIESEL S10;1815;R$/l;3,582;0,255;3,079;4,690;-;0,071;-;-;-;-;-;;;
nov/20;ETANOL HIDRATADO;7309;R$/l;3,103;0,406;2,499;5,149;-;0,131;-;-;-;-;-;;;
nov/20;GASOLINA ADITIVADA;5966;R$/l;4,565;0,329;3,690;5,999;-;0,072;-;-;-;-;-;;;
nov/20;GASOLINA COMUM;7996;R$/l;4,406;0,310;3,590;5,499;-;0,070;-;-;-;-;-;;;
nov/20;GLP;4924;R$/13kg;73,206;8,253;53,000;110,000;-;0,113;-;-;-;-;-;;;
nov/20;GNV;803;R$/m³;2,965;0,279;2,290;3,940;-;0,094;-;-;-;-;-;;;
nov/20;OLEO DIESEL;2703;R$/l;3,514;0,255;2,949;5,090;-;0,073;-;-;-;-;-;;;
nov/20;OLEO DIESEL S10;6331;R$/l;3,605;0,240;2,989;5,221;-;0,067;-;-;-;-;-;;;
dez/20;ETANOL HIDRATADO;9816;R$/l;3,179;0,407;2,299;5,149;-;0,128;-;-;-;-;-;;;
dez/20;GASOLINA ADITIVADA;8140;R$/l;4,619;0,314;3,789;5,999;-;0,068;-;-;-;-;-;;;
dez/20;GASOLINA COMUM;10805;R$/l;4,483;0,303;3,650;5,499;-;0,068;-;-;-;-;-;;;
dez/20;GLP;7411;R$/13kg;74,744;7,911;58,990;110,000;-;0,106;-;-;-;-;-;;;
dez/20;GNV;1018;R$/m³;3,090;0,258;2,389;3,940;-;0,083;-;-;-;-;-;;;
dez/20;OLEO DIESEL;3868;R$/l;3,606;0,237;3,090;4,800;-;0,066;-;-;-;-;-;;;
dez/20;OLEO DIESEL S10;8616;R$/l;3,683;0,227;3,099;5,379;-;0,062;-;-;-;-;-;;;
jan/21;ETANOL HIDRATADO;9638;R$/l;3,221;0,407;2,479;5,295;-;0,126;-;-;-;-;-;;;
jan/21;GASOLINA ADITIVADA;8022;R$/l;4,756;0,302;3,525;6,998;-;0,063;-;-;-;-;-;;;
jan/21;GASOLINA COMUM;10748;R$/l;4,622;0,294;3,099;5,950;-;0,064;-;-;-;-;-;;;
jan/21;GLP;7483;R$/13kg;76,860;7,902;59,990;105,000;-;0,103;-;-;-;-;-;;;
jan/21;GNV;1010;R$/m³;3,187;0,302;2,499;4,579;-;0,095;-;-;-;-;-;;;
jan/21;OLEO DIESEL;4106;R$/l;3,696;0,232;3,199;5,250;-;0,063;-;-;-;-;-;;;
jan/21;OLEO DIESEL S10;8597;R$/l;3,778;0,222;3,239;5,300;-;0,059;-;-;-;-;-;;;
fev/21;ETANOL HIDRATADO;10201;R$/l;3,429;0,442;2,050;5,499;-;0,129;-;-;-;-;-;;;
fev/21;GASOLINA ADITIVADA;8428;R$/l;5,088;0,355;3,599;6,999;-;0,070;-;-;-;-;-;;;
fev/21;GASOLINA COMUM;11354;R$/l;4,951;0,346;3,890;6,350;-;0,070;-;-;-;-;-;;;
fev/21;GLP;7936;R$/13kg;79,690;8,160;58,000;110,000;-;0,102;-;-;-;-;-;;;
fev/21;GNV;1051;R$/m³;3,207;0,318;2,379;4,049;-;0,099;-;-;-;-;-;;;
fev/21;OLEO DIESEL;4512;R$/l;3,951;0,310;3,289;5,850;-;0,078;-;-;-;-;-;;;
fev/21;OLEO DIESEL S10;8959;R$/l;4,007;0,289;3,199;5,890;-;0,072;-;-;-;-;-;;;
mar/21;ETANOL HIDRATADO;13821;R$/l;4,038;0,494;2,859;6,578;-;0,122;-;-;-;-;-;;;
mar/21;GASOLINA ADITIVADA;11519;R$/l;5,636;0,367;4,599;7,299;-;0,065;-;-;-;-;-;;;
mar/21;GASOLINA COMUM;15378;R$/l;5,484;0,358;4,279;6,700;-;0,065;-;-;-;-;-;;;
mar/21;GLP;10402;R$/13kg;83,158;8,120;55,990;120,000;-;0,098;-;-;-;-;-;;;
mar/21;GNV;1417;R$/m³;3,262;0,325;2,399;4,493;-;0,100;-;-;-;-;-;;;
mar/21;OLEO DIESEL;6159;R$/l;4,252;0,274;3,399;6,010;-;0,064;-;-;-;-;-;;;
mar/21;OLEO DIESEL S10;12161;R$/l;4,313;0,252;3,590;5,890;-;0,058;-;-;-;-;-;;;
abr/21;ETANOL HIDRATADO;12140;R$/l;3,826;0,540;2,379;6,259;-;0,141;-;-;-;-;-;;;
abr/21;GASOLINA ADITIVADA;9971;R$/l;5,601;0,362;3,457;6,999;-;0,065;-;-;-;-;-;;;
abr/21;GASOLINA COMUM;13478;R$/l;5,448;0,353;3,899;6,890;-;0,065;-;-;-;-;-;;;
abr/21;GLP;9463;R$/13kg;85,006;7,916;64,000;120,000;-;0,093;-;-;-;-;-;;;
abr/21;GNV;1167;R$/m³;3,276;0,379;2,499;4,598;-;0,116;-;-;-;-;-;;;
abr/21;OLEO DIESEL;5534;R$/l;4,202;0,280;3,599;5,899;-;0,067;-;-;-;-;-;;;
abr/21;OLEO DIESEL S10;10648;R$/l;4,263;0,256;3,699;5,780;-;0,060;-;-;-;-;-;;;
mai/21;ETANOL HIDRATADO;14067;R$/l;4,250;0,476;3,199;6,595;-;0,112;-;-;-;-;-;;;
mai/21;GASOLINA ADITIVADA;11293;R$/l;5,760;0,345;4,599;6,999;-;0,060;-;-;-;-;-;;;
mai/21;GASOLINA COMUM;15498;R$/l;5,604;0,341;4,199;6,997;-;0,061;-;-;-;-;-;;;
mai/21;GLP;11240;R$/13kg;85,374;8,323;64,990;125,000;-;0,097;-;-;-;-;-;;;
mai/21;GNV;1229;R$/m³;3,834;0,468;2,599;5,399;-;0,122;-;-;-;-;-;;;
mai/21;OLEO DIESEL;6279;R$/l;4,470;0,280;3,099;6,130;-;0,063;-;-;-;-;-;;;
mai/21;OLEO DIESEL S10;12096;R$/l;4,526;0,255;3,299;6,130;-;0,056;-;-;-;-;-;;;
jun/21;ETANOL HIDRATADO;16976;R$/l;4,358;0,514;3,097;6,999;-;0,118;-;-;-;-;-;;;
jun/21;GASOLINA ADITIVADA;13957;R$/l;5,829;0,335;4,199;6,999;-;0,057;-;-;-;-;-;;;
jun/21;GASOLINA COMUM;18804;R$/l;5,687;0,331;4,398;6,890;-;0,058;-;-;-;-;-;;;
jun/21;GLP;13756;R$/13kg;87,430;8,227;58,000;130,000;-;0,094;-;-;-;-;-;;;
jun/21;GNV;1370;R$/m³;3,876;0,454;2,749;5,488;-;0,117;-;-;-;-;-;;;
jun/21;OLEO DIESEL;8127;R$/l;4,505;0,268;3,099;6,100;-;0,059;-;-;-;-;-;;;
jun/21;OLEO DIESEL S10;14966;R$/l;4,569;0,247;2,805;6,349;-;0,054;-;-;-;-;-;;;
jul/21;ETANOL HIDRATADO;16109;R$/l;4,318;0,555;3,189;6,999;-;0,129;-;-;-;-;-;;;
jul/21;GASOLINA ADITIVADA;13572;R$/l;5,945;0,352;4,690;7,097;-;0,059;-;-;-;-;-;;;
jul/21;GASOLINA COMUM;18134;R$/l;5,807;0,354;4,549;6,999;-;0,061;-;-;-;-;-;;;
jul/21;GLP;13308;R$/13kg;91,916;8,469;64,990;130,000;-;0,092;-;-;-;-;-;;;
jul/21;GNV;1295;R$/m³;3,938;0,462;2,749;5,649;-;0,117;-;-;-;-;-;;;
jul/21;OLEO DIESEL;8098;R$/l;4,589;0,271;3,889;6,398;-;0,059;-;-;-;-;-;;;
jul/21;OLEO DIESEL S10;14691;R$/l;4,646;0,251;3,899;6,200;-;0,054;-;-;-;-;-;;;
ago/21;ETANOL HIDRATADO;18263;R$/l;4,476;0,539;3,449;6,999;-;0,120;-;-;-;-;-;;;
ago/21;GASOLINA ADITIVADA;15127;R$/l;6,068;0,352;4,799;7,987;-;0,058;-;-;-;-;-;;;
ago/21;GASOLINA COMUM;20490;R$/l;5,933;0,355;4,599;7,219;-;0,060;-;-;-;-;-;;;
ago/21;GLP;15098;R$/13kg;93,427;8,330;65,990;130,000;-;0,089;-;-;-;-;-;;;
ago/21;GNV;1425;R$/m³;4,037;0,483;2,749;5,689;-;0,120;-;-;-;-;-;;;
ago/21;OLEO DIESEL;9015;R$/l;4,611;0,273;3,780;6,350;-;0,059;-;-;-;-;-;;;
ago/21;OLEO DIESEL S10;16567;R$/l;4,670;0,253;4,005;6,399;-;0,054;-;-;-;-;-;;;
set/21;ETANOL HIDRATADO;17403;R$/l;4,698;0,502;3,799;7,199;-;0,107;-;-;-;-;-;;;
set/21;GASOLINA ADITIVADA;14482;R$/l;6,216;0,349;5,099;7,987;-;0,056;-;-;-;-;-;;;
set/21;GASOLINA COMUM;19641;R$/l;6,078;0,349;5,049;7,236;-;0,057;-;-;-;-;-;;;
set/21;GLP;14906;R$/13kg;97,736;8,523;70,000;135,000;-;0,087;-;-;-;-;-;;;
set/21;GNV;1319;R$/m³;4,136;0,431;2,849;5,799;-;0,104;-;-;-;-;-;;;
set/21;OLEO DIESEL;8734;R$/l;4,728;0,277;3,699;6,480;-;0,059;-;-;-;-;-;;;
set/21;OLEO DIESEL S10;15838;R$/l;4,773;0,256;4,009;6,490;-;0,054;-;-;-;-;-;;;
out/21;ETANOL HIDRATADO;16652;R$/l;4,883;0,493;4,090;7,399;-;0,101;-;-;-;-;-;;;
out/21;GASOLINA ADITIVADA;13992;R$/l;6,487;0,406;4,690;7,999;-;0,063;-;-;-;-;-;;;
out/21;GASOLINA COMUM;18692;R$/l;6,341;0,402;4,690;7,889;-;0,063;-;-;-;-;-;;;
out/21;GLP;14016;R$/13kg;100,782;8,725;74,000;135,000;-;0,087;-;-;-;-;-;;;
out/21;GNV;1372;R$/m³;4,145;0,431;2,849;5,949;-;0,104;-;-;-;-;-;;;
out/21;OLEO DIESEL;8300;R$/l;5,033;0,294;3,890;6,420;-;0,058;-;-;-;-;-;;;
out/21;OLEO DIESEL S10;15236;R$/l;5,096;0,286;4,049;6,799;-;0,056;-;-;-;-;-;;;
nov/21;ETANOL HIDRATADO;19182;R$/l;5,370;0,481;4,099;7,899;-;0,090;-;-;-;-;-;;;
nov/21;GASOLINA ADITIVADA;16091;R$/l;6,899;0,370;5,397;8,990;-;0,054;-;-;-;-;-;;;
nov/21;GASOLINA COMUM;21514;R$/l;6,744;0,372;5,259;7,999;-;0,055;-;-;-;-;-;;;
nov/21;GLP;16279;R$/13kg;102,444;8,713;75,000;140,000;-;0,085;-;-;-;-;-;;;
nov/21;GNV;1606;R$/m³;4,299;0,446;2,849;6,699;-;0,104;-;-;-;-;-;;;
nov/21;OLEO DIESEL;9627;R$/l;5,359;0,265;4,070;6,700;-;0,049;-;-;-;-;-;;;
nov/21;OLEO DIESEL S10;17589;R$/l;5,444;0,252;4,099;6,800;-;0,046;-;-;-;-;-;;;
dez/21;ETANOL HIDRATADO;18420;R$/l;5,141;0,559;3,997;7,899;-;0,109;-;-;-;-;-;;;
dez/21;GASOLINA ADITIVADA;15597;R$/l;6,824;0,367;5,299;8,990;-;0,054;-;-;-;-;-;;;
dez/21;GASOLINA COMUM;20695;R$/l;6,670;0,364;5,299;7,962;-;0,055;-;-;-;-;-;;;
dez/21;GLP;15765;R$/13kg;102,320;8,951;77,990;140,000;-;0,087;-;-;-;-;-;;;
dez/21;GNV;1526;R$/m³;4,341;0,399;3,179;6,199;-;0,092;-;-;-;-;-;;;
dez/21;OLEO DIESEL;9414;R$/l;5,347;0,270;4,070;6,986;-;0,050;-;-;-;-;-;;;
dez/21;OLEO DIESEL S10;17148;R$/l;5,424;0,257;4,499;6,959;-;0,047;-;-;-;-;-;;;
jan/22;ETANOL HIDRATADO;17662;R$/l;5,038;0,543;4,099;7,797;-;0,108;-;-;-;-;-;;;
jan/22;GASOLINA ADITIVADA;14967;R$/l;6,767;0,367;5,699;8,699;-;0,054;-;-;-;-;-;;;
jan/22;GASOLINA COMUM;19920;R$/l;6,635;0,368;5,489;8,029;-;0,055;-;-;-;-;-;;;
jan/22;GLP;15161;R$/13kg;102,408;9,122;78,000;140,000;-;0,089;-;-;-;-;-;;;
jan/22;GNV;1495;R$/m³;4,452;0,492;3,179;6,299;-;0,111;-;-;-;-;-;;;
jan/22;OLEO DIESEL;9154;R$/l;5,497;0,295;4,070;6,905;-;0,054;-;-;-;-;-;;;
jan/22;OLEO DIESEL S10;16513;R$/l;5,562;0,281;4,540;7,005;-;0,051;-;-;-;-;-;;;
fev/22;ETANOL HIDRATADO;17522;R$/l;4,744;0,632;3,770;7,699;-;0,133;-;-;-;-;-;;;
fev/22;GASOLINA ADITIVADA;15151;R$/l;6,727;0,385;5,699;8,699;-;0,057;-;-;-;-;-;;;
fev/22;GASOLINA COMUM;20006;R$/l;6,600;0,383;5,579;7,999;-;0,058;-;-;-;-;-;;;
fev/22;GLP;15160;R$/13kg;102,516;9,146;78,000;140,000;-;0,089;-;-;-;-;-;;;
fev/22;GNV;1443;R$/m³;4,635;0,579;3,179;6,821;-;0,125;-;-;-;-;-;;;
fev/22;OLEO DIESEL;9124;R$/l;5,592;0,272;4,349;6,985;-;0,049;-;-;-;-;-;;;
fev/22;OLEO DIESEL S10;16657;R$/l;5,655;0,262;4,369;7,085;-;0,046;-;-;-;-;-;;;
mar/22;ETANOL HIDRATADO;20371;R$/l;4,842;0,616;3,770;7,989;-;0,127;-;-;-;-;-;;;
mar/22;GASOLINA ADITIVADA;17316;R$/l;7,122;0,505;5,789;9,099;-;0,071;-;-;-;-;-;;;
mar/22;GASOLINA COMUM;23030;R$/l;7,012;0,505;5,190;8,949;-;0,072;-;-;-;-;-;;;
mar/22;GLP;17792;R$/13kg;109,310;10,992;78,000;160,000;-;0,101;-;-;-;-;-;;;
mar/22;GNV;1615;R$/m³;4,726;0,559;3,179;6,821;-;0,118;-;-;-;-;-;;;
mar/22;OLEO DIESEL;10449;R$/l;6,288;0,546;4,599;7,980;-;0,087;-;-;-;-;-;;;
mar/22;OLEO DIESEL S10;19154;R$/l;6,382;0,558;4,899;8,065;-;0,087;-;-;-;-;-;;;
abr/22;ETANOL HIDRATADO;18369;R$/l;5,326;0,547;4,099;7,900;-;0,103;-;-;-;-;-;;;
abr/22;GASOLINA ADITIVADA;15728;R$/l;7,344;0,411;6,379;8,999;-;0,056;-;-;-;-;-;;;
abr/22;GASOLINA COMUM;20863;R$/l;7,245;0,407;6,099;8,599;-;0,056;-;-;-;-;-;;;
abr/22;GLP;15760;R$/13kg;113,513;10,002;78,000;160,000;-;0,088;-;-;-;-;-;;;
abr/22;GNV;1459;R$/m³;4,764;0,594;3,179;6,880;-;0,125;-;-;-;-;-;;;
abr/22;OLEO DIESEL;9693;R$/l;6,602;0,313;4,999;7,979;-;0,047;-;-;-;-;-;;;
abr/22;OLEO DIESEL S10;17359;R$/l;6,733;0,297;4,659;8,065;-;0,044;-;-;-;-;-;;;
mai/22;ETANOL HIDRATADO;21399;R$/l;5,27;0,657;4,17;7,90;-;0,125;-;-;-;-;-;;;
mai/22;GASOLINA ADITIVADA;18289;R$/l;7,39;0,421;6,29;9,00;-;0,057;-;-;-;-;-;;;
mai/22;GASOLINA COMUM;24261;R$/l;7,28;0,426;6,18;8,99;-;0,059;-;-;-;-;-;;;
mai/22;GLP;18129;R$/13kg;112,86;10,172;84,99;160,00;-;0,090;-;-;-;-;-;;;
mai/22;GNV;1740;R$/m³;5,24;0,631;3,18;7,43;-;0,120;-;-;-;-;-;;;
mai/22;OLEO DIESEL;11187;R$/l;6,84;0,384;5,49;8,69;-;0,056;-;-;-;-;-;;;
mai/22;OLEO DIESEL S10;20206;R$/l;6,97;0,362;5,38;8,49;-;0,052;-;-;-;-;-;;;
jun/22;ETANOL HIDRATADO;21499;R$/l;4,90;0,766;3,69;7,90;-;0,156;-;-;-;-;-;;;
jun/22;GASOLINA ADITIVADA;18336;R$/l;7,35;0,465;5,59;9,28;-;0,063;-;-;-;-;-;;;
jun/22;GASOLINA COMUM;24407;R$/l;7,25;0,474;5,58;8,99;-;0,065;-;-;-;-;-;;;
jun/22;GLP;18131;R$/13kg;112,55;10,309;72,00;160,00;-;0,092;-;-;-;-;-;;;
jun/22;GNV;1763;R$/m³;5,30;0,620;3,18;7,42;-;0,117;-;-;-;-;-;;;
jun/22;OLEO DIESEL;11108;R$/l;7,20;0,494;5,64;8,99;-;0,069;-;-;-;-;-;;;
jun/22;OLEO DIESEL S10;20209;R$/l;7,32;0,476;5,39;9,15;-;0,065;-;-;-;-;-;;;
jul/22;ETANOL HIDRATADO;19372;R$/l;4,36;0,737;3,39;7,89;-;0,169;-;-;-;-;-;;;
jul/22;GASOLINA ADITIVADA;16343;R$/l;6,19;0,509;4,99;9,28;-;0,082;-;-;-;-;-;;;
jul/22;GASOLINA COMUM;21917;R$/l;6,05;0,491;4,92;8,52;-;0,081;-;-;-;-;-;;;
jul/22;GLP;16371;R$/13kg;112,07;10,440;81,99;160,00;-;0,093;-;-;-;-;-;;;
jul/22;GNV;1558;R$/m³;5,10;0,645;3,18;7,99;-;0,126;-;-;-;-;-;;;
jul/22;OLEO DIESEL;9996;R$/l;7,46;0,309;5,69;9,00;-;0,041;-;-;-;-;-;;;
jul/22;OLEO DIESEL S10;18176;R$/l;7,57;0,294;6,29;9,00;-;0,039;-;-;-;-;-;;;
ago/22;ETANOL HIDRATADO;23455;R$/l;3,95;0,648;2,89;7,19;-;0,164;-;-;-;-;-;;;
ago/22;GASOLINA ADITIVADA;19665;R$/l;5,55;0,381;4,13;8,82;-;0,069;-;-;-;-;-;;;
ago/22;GASOLINA COMUM;26424;R$/l;5,39;0,356;4,13;8,75;-;0,066;-;-;-;-;-;;;
ago/22;GLP;19487;R$/13kg;111,62;10,381;81,99;160,00;-;0,093;-;-;-;-;-;;;
ago/22;GNV;1889;R$/m³;5,05;0,595;3,18;6,89;-;0,118;-;-;-;-;-;;;
ago/22;OLEO DIESEL;11965;R$/l;7,10;0,379;6,24;8,99;-;0,053;-;-;-;-;-;;;
ago/22;OLEO DIESEL S10;22090;R$/l;7,19;0,376;5,46;9,00;-;0,052;-;-;-;-;-;;;
set/22;ETANOL HIDRATADO;10699;R$/l;3,48;0,672;2,61;6,99;-;0,193;-;-;-;-;-;;;
set/22;GASOLINA ADITIVADA;9148;R$/l;5,15;0,366;4,29;8,82;-;0,071;-;-;-;-;-;;;
set/22;GASOLINA COMUM;12154;R$/l;5,00;0,349;4,15;7,09;-;0,070;-;-;-;-;-;;;
set/22;GLP;8679;R$/13kg;112,36;10,177;81,99;160,00;-;0,091;-;-;-;-;-;;;
set/22;GNV;870;R$/m³;4,99;0,560;3,18;7,43;-;0,112;-;-;-;-;-;;;
set/22;OLEO DIESEL;5389;R$/l;6,85;0,341;3,14;8,89;-;0,050;-;-;-;-;-;;;
set/22;OLEO DIESEL S10;9968;R$/l;6,94;0,333;5,49;8,89;-;0,048;-;-;-;-;-;;;
out/22;ETANOL HIDRATADO;7713;R$/l;3,56;0,436;2,49;6,90;-;0,122;-;-;-;-;-;;;
out/22;GASOLINA ADITIVADA;6974;R$/l;5,06;0,334;4,09;8,15;-;0,066;-;-;-;-;-;;;
out/22;GASOLINA COMUM;8849;R$/l;4,89;0,279;3,49;7,34;-;0,057;-;-;-;-;-;;;
out/22;GLP;4162;R$/13kg;109,75;9,823;68,00;149,00;-;0,090;-;-;-;-;-;;;
out/22;GNV;916;R$/m³;4,90;0,492;3,19;6,89;-;0,100;-;-;-;-;-;;;
out/22;OLEO DIESEL;3250;R$/l;6,56;0,336;4,60;8,52;-;0,051;-;-;-;-;-;;;
out/22;OLEO DIESEL S10;5787;R$/l;6,68;0,336;3,59;8,49;-;0,050;-;-;-;-;-;;;
nov/22;ETANOL HIDRATADO;11631;R$/l;3,83;0,401;3,07;6,97;-;0,105;-;-;-;-;-;;;
nov/22;GASOLINA ADITIVADA;10382;R$/l;5,20;0,323;4,29;8,88;-;0,062;-;-;-;-;-;;;
nov/22;GASOLINA COMUM;13443;R$/l;5,04;0,293;4,09;7,54;-;0,058;-;-;-;-;-;;;
nov/22;GLP;7859;R$/13kg;110,17;9,888;79,99;150,00;-;0,090;-;-;-;-;-;;;
nov/22;GNV;1258;R$/m³;4,80;0,528;3,19;6,79;-;0,110;-;-;-;-;-;;;
nov/22;OLEO DIESEL;5480;R$/l;6,58;0,327;5,09;8,52;-;0,050;-;-;-;-;-;;;
nov/22;OLEO DIESEL S10;9246;R$/l;6,69;0,327;5,75;8,59;-;0,049;-;-;-;-;-;;;
dez/22;ETANOL HIDRATADO;11662;R$/l;3,84;0,403;3,00;6,54;-;0,105;-;-;-;-;-;;;
dez/22;GASOLINA ADITIVADA;10560;R$/l;5,15;0,334;4,16;7,99;-;0,065;-;-;-;-;-;;;
dez/22;GASOLINA COMUM;13541;R$/l;4,97;0,299;4,09;7,69;-;0,060;-;-;-;-;-;;;
dez/22;GLP;10879;R$/13kg;109,18;10,753;80,00;150,00;-;0,098;-;-;-;-;-;;;
dez/22;GNV;1245;R$/m³;4,77;0,561;3,19;6,74;-;0,117;-;-;-;-;-;;;
dez/22;OLEO DIESEL;5682;R$/l;6,36;0,372;4,62;8,52;-;0,058;-;-;-;-;-;;;
dez/22;OLEO DIESEL S10;9398;R$/l;6,49;0,366;5,57;9,65;-;0,056;-;-;-;-;-;;;
jan/23;ETANOL HIDRATADO;15382;R$/l;3,88;0,425;3,06;6,57;-;0,110;-;-;-;-;-;;;
jan/23;GASOLINA ADITIVADA;13952;R$/l;5,22;0,354;3,47;7,99;-;0,068;-;-;-;-;-;;;
jan/23;GASOLINA COMUM;17732;R$/l;5,05;0,324;4,09;8,19;-;0,064;-;-;-;-;-;;;
jan/23;GLP;16865;R$/13kg;108,27;11,142;77,99;150,00;-;0,103;-;-;-;-;-;;;
jan/23;GNV;1576;R$/m³;4,73;0,551;3,19;6,71;-;0,116;-;-;-;-;-;;;
jan/23;OLEO DIESEL;7622;R$/l;6,33;0,370;4,89;7,99;-;0,058;-;-;-;-;-;;;
jan/23;OLEO DIESEL S10;12763;R$/l;6,44;0,370;5,59;8,85;-;0,057;-;-;-;-;-;;;
fev/23;ETANOL HIDRATADO;13792;R$/l;3,80;0,434;3,03;6,96;-;0,114;-;-;-;-;-;;;
fev/23;GASOLINA ADITIVADA;12548;R$/l;5,27;0,355;3,89;7,99;-;0,067;-;-;-;-;-;;;
fev/23;GASOLINA COMUM;16013;R$/l;5,09;0,335;4,09;7,00;-;0,066;-;-;-;-;-;;;
fev/23;GLP;15664;R$/13kg;107,89;11,490;70,00;155,00;-;0,106;-;-;-;-;-;;;
fev/23;GNV;1275;R$/m³;4,60;0,571;3,28;6,59;-;0,124;-;-;-;-;-;;;
fev/23;OLEO DIESEL;7148;R$/l;6,06;0,425;4,89;7,99;-;0,070;-;-;-;-;-;;;
fev/23;OLEO DIESEL S10;11613;R$/l;6,16;0,425;5,27;8,85;-;0,069;-;-;-;-;-;;;
mar/23;ETANOL HIDRATADO;15959;R$/l;3,93;0,442;3,13;6,57;-;0,112;-;-;-;-;-;;;
mar/23;GASOLINA ADITIVADA;14385;R$/l;5,69;0,368;4,52;8,97;-;0,065;-;-;-;-;-;;;
mar/23;GASOLINA COMUM;18512;R$/l;5,52;0,355;4,23;7,19;-;0,064;-;-;-;-;-;;;
mar/23;GLP;17385;R$/13kg;107,56;11,590;70,00;155,00;-;0,108;-;-;-;-;-;;;
mar/23;GNV;1499;R$/m³;4,52;0,548;3,28;6,59;-;0,121;-;-;-;-;-;;;
mar/23;OLEO DIESEL;8358;R$/l;5,88;0,396;4,59;7,69;-;0,067;-;-;-;-;-;;;
mar/23;OLEO DIESEL S10;13451;R$/l;5,95;0,401;5,09;8,91;-;0,067;-;-;-;-;-;;;
abr/23;ETANOL HIDRATADO;15133;R$/l;3,97;0,415;3,17;6,59;-;0,104;-;-;-;-;-;;;
abr/23;GASOLINA ADITIVADA;13668;R$/l;5,68;0,368;4,64;7,99;-;0,065;-;-;-;-;-;;;
abr/23;GASOLINA COMUM;17619;R$/l;5,51;0,359;4,34;7,35;-;0,065;-;-;-;-;-;;;
abr/23;GLP;15896;R$/13kg;107,58;11,855;74,99;155,00;-;0,110;-;-;-;-;-;;;
abr/23;GNV;1420;R$/m³;4,51;0,535;3,28;6,59;-;0,119;-;-;-;-;-;;;
abr/23;OLEO DIESEL;8094;R$/l;5,76;0,391;4,76;7,69;-;0,068;-;-;-;-;-;;;
abr/23;OLEO DIESEL S10;12682;R$/l;5,81;0,406;4,99;9,00;-;0,070;-;-;-;-;-;;;
mai/23;ETANOL HIDRATADO;18997;R$/l;3,97;0,447;2,99;6,50;-;0,112;-;-;-;-;-;;;
mai/23;GASOLINA ADITIVADA;17231;R$/l;5,56;0,392;4,49;7,99;-;0,070;-;-;-;-;-;;;
mai/23;GASOLINA COMUM;22262;R$/l;5,39;0,386;4,09;7,35;-;0,072;-;-;-;-;-;;;
mai/23;GLP;21102;R$/13kg;107,29;11,884;70,00;155,00;-;0,111;-;-;-;-;-;;;
mai/23;GNV;1741;R$/m³;4,38;0,602;3,15;6,59;-;0,137;-;-;-;-;-;;;
mai/23;OLEO DIESEL;10274;R$/l;5,37;0,461;3,97;7,69;-;0,086;-;-;-;-;-;;;
mai/23;OLEO DIESEL S10;16072;R$/l;5,42;0,472;4,49;9,00;-;0,087;-;-;-;-;-;;;
jun/23;ETANOL HIDRATADO;15938;R$/l;3,76;0,481;2,97;6,73;-;0,128;-;-;-;-;-;;;
jun/23;GASOLINA ADITIVADA;14417;R$/l;5,57;0,342;4,59;7,99;-;0,061;-;-;-;-;-;;;
jun/23;GASOLINA COMUM;18686;R$/l;5,38;0,335;4,43;7,00;-;0,062;-;-;-;-;-;;;
jun/23;GLP;18429;R$/13kg;103,46;12,266;72,99;155,00;-;0,119;-;-;-;-;-;;;
jun/23;GNV;1540;R$/m³;4,29;0,597;3,09;6,59;-;0,139;-;-;-;-;-;;;
jun/23;OLEO DIESEL;8563;R$/l;5,02;0,372;4,09;7,29;-;0,074;-;-;-;-;-;;;
jun/23;OLEO DIESEL S10;13659;R$/l;5,08;0,393;4,39;9,00;-;0,077;-;-;-;-;-;;;
jul/23;ETANOL HIDRATADO;17641;R$/l;3,79;0,545;2,79;6,73;-;0,143;-;-;-;-;-;;;
jul/23;GASOLINA ADITIVADA;16104;R$/l;5,79;0,358;4,74;8,39;-;0,062;-;-;-;-;-;;;
jul/23;GASOLINA COMUM;20770;R$/l;5,61;0,359;4,58;7,39;-;0,064;-;-;-;-;-;;;
jul/23;GLP;20726;R$/13kg;101,99;12,240;69,99;155,00;-;0,120;-;-;-;-;-;;;
jul/23;GNV;1564;R$/m³;4,53;0,565;3,15;6,62;-;0,125;-;-;-;-;-;;;
jul/23;OLEO DIESEL;9588;R$/l;4,94;0,366;4,09;7,19;-;0,074;-;-;-;-;-;;;
jul/23;OLEO DIESEL S10;15193;R$/l;5,00;0,378;4,32;9,00;-;0,076;-;-;-;-;-;;;
ago/23;ETANOL HIDRATADO;17990;R$/l;3,63;0,590;2,75;6,73;-;0,162;-;-;-;-;-;;;
ago/23;GASOLINA ADITIVADA;16659;R$/l;5,88;0,414;4,69;8,94;-;0,070;-;-;-;-;-;;;
ago/23;GASOLINA COMUM;21321;R$/l;5,71;0,420;4,49;7,62;-;0,074;-;-;-;-;-;;;
ago/23;GLP;21206;R$/13kg;101,09;12,282;69,99;150,00;-;0,121;-;-;-;-;-;;;
ago/23;GNV;1667;R$/m³;4,44;0,551;3,39;6,59;-;0,124;-;-;-;-;-;;;
ago/23;OLEO DIESEL;9950;R$/l;5,51;0,583;4,09;7,75;-;0,106;-;-;-;-;-;;;
ago/23;OLEO DIESEL S10;15338;R$/l;5,61;0,598;4,19;8,49;-;0,107;-;-;-;-;-;;;
set/23;ETANOL HIDRATADO;15629;R$/l;3,64;0,572;2,69;6,60;-;0,157;-;-;-;-;-;;;
set/23;GASOLINA ADITIVADA;14567;R$/l;5,99;0,378;4,84;8,69;-;0,063;-;-;-;-;-;;;
set/23;GASOLINA COMUM;18534;R$/l;5,83;0,386;4,74;7,62;-;0,066;-;-;-;-;-;;;
set/23;GLP;18862;R$/13kg;101,41;11,950;69,99;150,00;-;0,118;-;-;-;-;-;;;
set/23;GNV;1449;R$/m³;4,39;0,555;3,39;6,69;-;0,126;-;-;-;-;-;;;
set/23;OLEO DIESEL;8603;R$/l;6,08;0,328;4,09;7,96;-;0,054;-;-;-;-;-;;;
set/23;OLEO DIESEL S10;13469;R$/l;6,20;0,318;4,79;8,49;-;0,051;-;-;-;-;-;;;
out/23;ETANOL HIDRATADO;18476;R$/l;3,60;0,558;2,78;6,60;-;0,155;-;-;-;-;-;;;
out/23;GASOLINA ADITIVADA;17141;R$/l;5,90;0,392;4,79;8,69;-;0,066;-;-;-;-;-;;;
out/23;GASOLINA COMUM;21858;R$/l;5,73;0,396;4,59;7,62;-;0,069;-;-;-;-;-;;;
out/23;GLP;21925;R$/13kg;101,76;12,200;65,00;150,00;-;0,120;-;-;-;-;-;;;
out/23;GNV;1700;R$/m³;4,33;0,571;2,39;6,69;-;0,132;-;-;-;-;-;;;
out/23;OLEO DIESEL;10186;R$/l;6,08;0,335;4,09;7,96;-;0,055;-;-;-;-;-;;;
out/23;OLEO DIESEL S10;15939;R$/l;6,22;0,330;4,66;8,89;-;0,053;-;-;-;-;-;;;
nov/23;ETANOL HIDRATADO;16931;R$/l;3,56;0,537;2,78;6,60;-;0,151;-;-;-;-;-;;;
nov/23;GASOLINA ADITIVADA;15656;R$/l;5,82;0,403;4,69;8,69;-;0,069;-;-;-;-;-;;;
nov/23;GASOLINA COMUM;19956;R$/l;5,63;0,405;4,49;7,70;-;0,072;-;-;-;-;-;;;
nov/23;GLP;20290;R$/13kg;101,38;12,644;67,00;155,00;-;0,125;-;-;-;-;-;;;
nov/23;GNV;1572;R$/m³;4,42;0,524;3,54;6,69;-;0,118;-;-;-;-;-;;;
nov/23;OLEO DIESEL;9168;R$/l;6,08;0,353;4,49;7,95;-;0,058;-;-;-;-;-;;;
nov/23;OLEO DIESEL S10;14618;R$/l;6,20;0,352;4,99;8,89;-;0,057;-;-;-;-;-;;;
dez/23;ETANOL HIDRATADO;15981;R$/l;3,48;0,543;2,69;6,60;-;0,156;-;-;-;-;-;;;
dez/23;GASOLINA ADITIVADA;14650;R$/l;5,79;0,404;4,69;9,79;-;0,070;-;-;-;-;-;;;
dez/23;GASOLINA COMUM;18822;R$/l;5,60;0,402;4,55;7,70;-;0,072;-;-;-;-;-;;;
dez/23;GLP;18716;R$/13kg;100,93;12,819;67,00;154,00;-;0,127;-;-;-;-;-;;;
dez/23;GNV;1488;R$/m³;4,44;0,498;3,54;6,69;-;0,112;-;-;-;-;-;;;
dez/23;OLEO DIESEL;8582;R$/l;5,92;0,376;4,69;7,95;-;0,063;-;-;-;-;-;;;
dez/23;OLEO DIESEL S10;13664;R$/l;6,02;0,386;4,89;8,89;-;0,064;-;-;-;-;-;;;
jan/24;ETANOL HIDRATADO;19235;R$/l;3,42;0,555;2,63;6,60;-;0,162;-;-;-;-;-;;;
jan/24;GASOLINA ADITIVADA;17895;R$/l;5,76;0,399;4,69;8,69;-;0,069;-;-;-;-;-;;;
jan/24;GASOLINA COMUM;22735;R$/l;5,57;0,395;4,55;7,99;-;0,071;-;-;-;-;-;;;
jan/24;GLP;22704;R$/13kg;100,88;12,942;67,00;154,00;-;0,128;-;-;-;-;-;;;
jan/24;GNV;1784;R$/m³;4,58;0,468;3,54;6,69;-;0,102;-;-;-;-;-;;;
jan/24;OLEO DIESEL;10430;R$/l;5,86;0,388;4,69;8,19;-;0,066;-;-;-;-;-;;;
jan/24;OLEO DIESEL S10;16573;R$/l;5,95;0,392;4,99;8,89;-;0,066;-;-;-;-;-;;;
fev/24;ETANOL HIDRATADO;16477;R$/l;3,57;0,499;2,73;6,60;-;0,140;-;-;-;-;-;;;
fev/24;GASOLINA ADITIVADA;15160;R$/l;5,95;0,378;4,79;8,89;-;0,064;-;-;-;-;-;;;
fev/24;GASOLINA COMUM;19457;R$/l;5,75;0,378;4,59;7,97;-;0,066;-;-;-;-;-;;;
fev/24;GLP;19774;R$/13kg;102,09;12,463;67,00;154,00;-;0,122;-;-;-;-;-;;;
fev/24;GNV;1463;R$/m³;4,56;0,455;3,54;6,69;-;0,100;-;-;-;-;-;;;
fev/24;OLEO DIESEL;8970;R$/l;5,90;0,388;4,69;7,95;-;0,066;-;-;-;-;-;;;
fev/24;OLEO DIESEL S10;14208;R$/l;5,97;0,384;4,99;8,89;-;0,064;-;-;-;-;-;;;
mar/24;ETANOL HIDRATADO;16107;R$/l;3,58;0,491;2,69;5,99;-;0,137;-;-;-;-;-;;;
mar/24;GASOLINA ADITIVADA;14844;R$/l;5,93;0,378;4,79;7,99;-;0,064;-;-;-;-;-;;;
mar/24;GASOLINA COMUM;18955;R$/l;5,74;0,375;4,59;7,97;-;0,065;-;-;-;-;-;;;
mar/24;GLP;19099;R$/13kg;102,18;12,702;69,99;154,00;-;0,124;-;-;-;-;-;;;
mar/24;GNV;1518;R$/m³;4,54;0,456;3,54;6,29;-;0,100;-;-;-;-;-;;;
mar/24;OLEO DIESEL;8743;R$/l;5,86;0,385;5,12;7,95;-;0,066;-;-;-;-;-;;;
mar/24;OLEO DIESEL S10;13954;R$/l;5,93;0,382;4,99;8,49;-;0,064;-;-;-;-;-;;;
abr/24;ETANOL HIDRATADO;19066;R$/l;3,78;0,444;2,79;5,99;-;0,117;-;-;-;-;-;;;
abr/24;GASOLINA ADITIVADA;17672;R$/l;5,99;0,373;4,69;8,89;-;0,062;-;-;-;-;-;;;
abr/24;GASOLINA COMUM;22464;R$/l;5,80;0,372;4,69;7,97;-;0,064;-;-;-;-;-;;;
abr/24;GLP;21763;R$/13kg;101,86;12,780;69,99;150,00;-;0,125;-;-;-;-;-;;;
abr/24;GNV;1768;R$/m³;4,54;0,453;3,54;6,29;-;0,100;-;-;-;-;-;;;
abr/24;OLEO DIESEL;10188;R$/l;5,88;0,375;5,19;7,82;-;0,064;-;-;-;-;-;;;
abr/24;OLEO DIESEL S10;16464;R$/l;5,94;0,370;4,99;8,49;-;0,062;-;-;-;-;-;;;
mai/24;ETANOL HIDRATADO;16890;R$/l;3,82;0,454;2,89;5,99;-;0,119;-;-;-;-;-;;;
mai/24;GASOLINA ADITIVADA;15460;R$/l;6,05;0,373;4,69;8,89;-;0,062;-;-;-;-;-;;;
mai/24;GASOLINA COMUM;19892;R$/l;5,86;0,376;4,59;7,97;-;0,064;-;-;-;-;-;;;
mai/24;GLP;20019;R$/13kg;101,61;12,782;69,99;154,00;-;0,126;-;-;-;-;-;;;
mai/24;GNV;1477;R$/m³;4,59;0,438;3,54;6,29;-;0,095;-;-;-;-;-;;;
mai/24;OLEO DIESEL;9034;R$/l;5,88;0,372;5,04;7,82;-;0,063;-;-;-;-;-;;;
mai/24;OLEO DIESEL S10;14482;R$/l;5,94;0,364;5,24;8,49;-;0,061;-;-;-;-;-;;;
jun/24;ETANOL HIDRATADO;16021;R$/l;3,82;0,466;2,89;5,99;-;0,122;-;-;-;-;-;;;
jun/24;GASOLINA ADITIVADA;14924;R$/l;6,05;0,369;4,69;8,89;-;0,061;-;-;-;-;-;;;
jun/24;GASOLINA COMUM;19016;R$/l;5,85;0,372;4,59;7,97;-;0,064;-;-;-;-;-;;;
jun/24;GLP;18712;R$/13kg;101,46;12,607;69,99;154,00;-;0,124;-;-;-;-;-;;;
jun/24;GNV;1480;R$/m³;4,58;0,418;3,54;6,29;-;0,091;-;-;-;-;-;;;
jun/24;OLEO DIESEL;8629;R$/l;5,87;0,365;5,09;7,82;-;0,062;-;-;-;-;-;;;
jun/24;OLEO DIESEL S10;13703;R$/l;5,93;0,359;5,11;8,49;-;0,060;-;-;-;-;-;;;
jul/24;ETANOL HIDRATADO;17468;R$/l;4,02;0,471;2,99;6,06;-;0,117;-;-;-;-;-;;;
jul/24;GASOLINA ADITIVADA;15652;R$/l;6,22;0,400;4,74;8,89;-;0,064;-;-;-;-;-;;;
jul/24;GASOLINA COMUM;20530;R$/l;6,04;0,402;4,59;7,99;-;0,067;-;-;-;-;-;;;
jul/24;GLP;7040;R$/13kg;102,59;12,238;70,00;148,00;-;0,119;-;-;-;-;-;;;
jul/24;GNV;1761;R$/m³;4,59;0,407;3,54;6,28;-;0,088;-;-;-;-;-;;;
jul/24;OLEO DIESEL;8726;R$/l;5,94;0,357;5,29;7,82;-;0,060;-;-;-;-;-;;;
jul/24;OLEO DIESEL S10;14441;R$/l;6,01;0,347;5,20;8,49;-;0,058;-;-;-;-;-;;;
ago/24;ETANOL HIDRATADO;14670;R$/l;4,06;0,462;3,29;6,14;-;0,114;-;-;-;-;-;;;
ago/24;GASOLINA ADITIVADA;13170;R$/l;6,29;0,370;5,09;8,89;-;0,059;-;-;-;-;-;;;
ago/24;GASOLINA COMUM;17279;R$/l;6,11;0,358;4,99;7,99;-;0,059;-;-;-;-;-;;;
ago/24;GLP;5951;R$/13kg;103,53;12,027;73,00;148,00;-;0,116;-;-;-;-;-;;;
ago/24;GNV;1475;R$/m³;4,72;0,436;3,54;6,39;-;0,092;-;-;-;-;-;;;
ago/24;OLEO DIESEL;7445;R$/l;5,95;0,354;5,36;7,82;-;0,059;-;-;-;-;-;;;
ago/24;OLEO DIESEL S10;12055;R$/l;6,02;0,347;5,19;8,99;-;0,058;-;-;-;-;-;;;
set/24;ETANOL HIDRATADO;16179;R$/l;4,05;0,464;3,19;6,06;-;0,114;-;-;-;-;-;;;
set/24;GASOLINA ADITIVADA;14579;R$/l;6,27;0,375;5,29;9,79;-;0,060;-;-;-;-;-;;;
set/24;GASOLINA COMUM;19177;R$/l;6,08;0,359;4,99;7,99;-;0,059;-;-;-;-;-;;;
set/24;GLP;6556;R$/13kg;106,04;11,644;73,99;150,00;-;0,110;-;-;-;-;-;;;
set/24;GNV;1685;R$/m³;4,71;0,425;3,54;6,89;-;0,090;-;-;-;-;-;;;
set/24;OLEO DIESEL;7996;R$/l;5,94;0,354;5,34;7,82;-;0,060;-;-;-;-;-;;;
set/24;OLEO DIESEL S10;13379;R$/l;6,01;0,351;5,33;8,99;-;0,058;-;-;-;-;-;;;
out/24;ETANOL HIDRATADO;15814;R$/l;4,04;0,463;3,09;6,06;-;0,115;-;-;-;-;-;;;
out/24;GASOLINA ADITIVADA;14257;R$/l;6,28;0,387;5,27;8,89;-;0,062;-;-;-;-;-;;;
out/24;GASOLINA COMUM;18706;R$/l;6,09;0,375;4,89;7,99;-;0,061;-;-;-;-;-;;;
out/24;GLP;6481;R$/13kg;106,57;11,535;70,00;147,00;-;0,108;-;-;-;-;-;;;
out/24;GNV;1559;R$/m³;4,68;0,437;3,54;6,89;-;0,093;-;-;-;-;-;;;
out/24;OLEO DIESEL;7928;R$/l;5,95;0,371;5,34;7,75;-;0,062;-;-;-;-;-;;;
out/24;OLEO DIESEL S10;13034;R$/l;6,02;0,365;5,33;8,99;-;0,061;-;-;-;-;-;;;
nov/24;ETANOL HIDRATADO;13709;R$/l;4,05;0,446;3,19;7,35;-;0,110;-;-;-;-;-;;;
nov/24;GASOLINA ADITIVADA;12479;R$/l;6,30;0,393;5,26;8,89;-;0,062;-;-;-;-;-;;;
nov/24;GASOLINA COMUM;16172;R$/l;6,10;0,378;4,89;7,99;-;0,062;-;-;-;-;-;;;
nov/24;GLP;5731;R$/13kg;106,84;11,987;74,99;160,00;-;0,112;-;-;-;-;-;;;
nov/24;GNV;1372;R$/m³;4,67;0,409;3,54;6,49;-;0,088;-;-;-;-;-;;;
nov/24;OLEO DIESEL;6728;R$/l;5,98;0,354;5,29;7,93;-;0,059;-;-;-;-;-;;;
nov/24;OLEO DIESEL S10;11226;R$/l;6,05;0,358;5,39;8,99;-;0,059;-;-;-;-;-;;;
dez/24;ETANOL HIDRATADO;15669;R$/l;4,11;0,432;3,19;6,59;-;0,105;-;-;-;-;-;;;
dez/24;GASOLINA ADITIVADA;14320;R$/l;6,34;0,396;5,27;8,89;-;0,062;-;-;-;-;-;;;
dez/24;GASOLINA COMUM;18631;R$/l;6,14;0,377;4,94;7,99;-;0,061;-;-;-;-;-;;;
dez/24;GLP;6666;R$/13kg;107,41;12,171;74,99;160,00;-;0,113;-;-;-;-;-;;;
dez/24;GNV;1599;R$/m³;4,65;0,399;3,54;6,39;-;0,086;-;-;-;-;-;;;
dez/24;OLEO DIESEL;7764;R$/l;6,03;0,353;5,25;7,93;-;0,058;-;-;-;-;-;;;
dez/24;OLEO DIESEL S10;12748;R$/l;6,11;0,357;5,09;8,99;-;0,058;-;-;-;-;-;;;
jan/25;ETANOL HIDRATADO;14921;R$/l;4,21;0,424;3,29;6,16;-;0,101;-;-;-;-;-;;;
jan/25;GASOLINA ADITIVADA;13795;R$/l;6,36;0,390;5,43;9,49;-;0,061;-;-;-;-;-;;;
jan/25;GASOLINA COMUM;17793;R$/l;6,18;0,371;5,04;8,29;-;0,060;-;-;-;-;-;;;
jan/25;GLP;7477;R$/13kg;107,21;12,264;74,99;160,00;-;0,114;-;-;-;-;-;;;
jan/25;GNV;1527;R$/m³;4,65;0,426;3,79;6,49;-;0,091;-;-;-;-;-;;;
jan/25;OLEO DIESEL;7463;R$/l;6,08;0,355;5,39;7,93;-;0,058;-;-;-;-;-;;;
jan/25;OLEO DIESEL S10;12317;R$/l;6,16;0,358;5,19;8,99;-;0,058;-;-;-;-;-;;;
fev/25;ETANOL HIDRATADO;14164;R$/l;4,38;0,431;3,39;6,49;-;0,098;-;-;-;-;-;;;
fev/25;GASOLINA ADITIVADA;13111;R$/l;6,56;0,397;5,29;8,89;-;0,060;-;-;-;-;-;;;
fev/25;GASOLINA COMUM;17015;R$/l;6,36;0,394;5,19;8,79;-;0,062;-;-;-;-;-;;;
fev/25;GLP;10125;R$/13kg;107,24;12,451;74,99;170,00;-;0,116;-;-;-;-;-;;;
fev/25;GNV;1482;R$/m³;4,68;0,424;3,89;6,49;-;0,091;-;-;-;-;-;;;
fev/25;OLEO DIESEL;7060;R$/l;6,38;0,347;5,58;8,19;-;0,054;-;-;-;-;-;;;
fev/25;OLEO DIESEL S10;11674;R$/l;6,46;0,354;5,54;8,99;-;0,055;-;-;-;-;-;;;
mar/25;ETANOL HIDRATADO;16536;R$/l;4,35;0,435;3,25;6,49;-;0,100;-;-;-;-;-;;;
mar/25;GASOLINA ADITIVADA;15305;R$/l;6,55;0,395;5,39;8,99;-;0,060;-;-;-;-;-;;;
mar/25;GASOLINA COMUM;19844;R$/l;6,34;0,396;5,19;8,79;-;0,062;-;-;-;-;-;;;
mar/25;GLP;14550;R$/13kg;107,31;12,583;74,99;155,00;-;0,117;-;-;-;-;-;;;
mar/25;GNV;1728;R$/m³;4,68;0,414;3,99;6,48;-;0,088;-;-;-;-;-;;;
mar/25;OLEO DIESEL;8152;R$/l;6,35;0,346;5,47;8,33;-;0,054;-;-;-;-;-;;;
mar/25;OLEO DIESEL S10;13700;R$/l;6,42;0,354;5,68;8,99;-;0,055;-;-;-;-;-;;;
abr/25;ETANOL HIDRATADO;15895;R$/l;4,31;0,461;3,38;6,68;-;0,107;-;-;-;-;-;;;
abr/25;GASOLINA ADITIVADA;14694;R$/l;6,52;0,405;5,19;8,99;-;0,062;-;-;-;-;-;;;
abr/25;GASOLINA COMUM;19037;R$/l;6,32;0,405;5,19;8,99;-;0,064;-;-;-;-;-;;;
abr/25;GLP;14477;R$/13kg;107,50;12,435;74,99;155,00;-;0,116;-;-;-;-;-;;;
abr/25;GNV;1570;R$/m³;4,66;0,451;3,99;6,49;-;0,097;-;-;-;-;-;;;
abr/25;OLEO DIESEL;7962;R$/l;6,22;0,375;5,49;8,33;-;0,060;-;-;-;-;-;;;
abr/25;OLEO DIESEL S10;13086;R$/l;6,29;0,398;5,44;8,99;-;0,063;-;-;-;-;-;;;
mai/25;ETANOL HIDRATADO;14990;R$/l;4,29;0,470;3,35;6,89;-;0,110;-;-;-;-;-;;;
mai/25;GASOLINA ADITIVADA;13913;R$/l;6,49;0,414;5,29;8,99;-;0,064;-;-;-;-;-;;;
mai/25;GASOLINA COMUM;18007;R$/l;6,28;0,412;5,15;8,99;-;0,066;-;-;-;-;-;;;
mai/25;GLP;13691;R$/13kg;108,59;12,163;74,99;155,00;-;0,112;-;-;-;-;-;;;
mai/25;GNV;1513;R$/m³;4,65;0,447;3,99;6,49;-;0,096;-;-;-;-;-;;;
mai/25;OLEO DIESEL;7475;R$/l;6,06;0,407;5,29;8,33;-;0,067;-;-;-;-;-;;;
mai/25;OLEO DIESEL S10;12341;R$/l;6,12;0,427;5,28;8,99;-;0,070;-;-;-;-;-;;;
